,t,x,y,status,evt
0,0.0,,,False,0.0
1,0.002,,,False,0.0
2,0.004,,,False,0.0
3,0.006,,,False,0.0
4,0.008,,,False,0.0
5,0.01,,,False,0.0
6,0.012,,,False,0.0
7,0.014,-3.8467793,10.429917,False,0.0
8,0.016,-4.7818947,8.578241,False,0.0
9,0.018,-4.7848287,6.508622,False,0.0
10,0.02,-4.742923,4.118167,False,0.0
11,0.022,-1.741873,2.2491894,False,0.0
12,0.024,-1.3166009,0.750251,False,0.0
13,0.026,-0.95467615,-0.28019267,False,0.0
14,0.028,-0.73134094,-0.47771293,False,0.0
15,0.03,-0.5810963,-0.45890984,False,0.0
16,0.032,-0.46565822,-0.09332107,False,0.0
17,0.034,-0.37796146,0.2208313,False,0.0
18,0.036,-0.32464153,0.31313235,False,0.0
19,0.038,-0.25695747,0.33528042,False,0.0
20,0.04,-0.17379202,0.34360698,True,0.0
21,0.042,-0.112591855,0.32043594,True,1.0
22,0.044,-0.09096983,0.2745052,True,1.0
23,0.046,-0.07903668,0.25147417,True,1.0
24,0.048,-0.08840759,0.26908508,True,1.0
25,0.05,-0.13757543,0.2529561,True,1.0
26,0.052,-0.20618033,0.20150022,True,1.0
27,0.054,-0.27770045,0.14328529,True,1.0
28,0.056,-0.30805355,0.13556841,True,1.0
29,0.058,-0.3596086,0.15783124,True,1.0
30,0.06,-0.35944912,0.19079715,True,1.0
31,0.062,-0.3822215,0.21732584,True,1.0
32,0.064,-0.39784095,0.2504765,True,1.0
33,0.066,-0.4011675,0.27335778,True,1.0
34,0.068,-0.3853409,0.2907392,True,1.0
35,0.07,-0.38070846,0.3032519,True,1.0
36,0.072,-0.39171687,0.2751421,True,1.0
37,0.074,-0.34947535,0.2863897,True,1.0
38,0.076,-0.35631707,0.3122465,True,1.0
39,0.078,-0.3275159,0.30343375,True,1.0
40,0.08,-0.2991669,0.29389364,True,1.0
41,0.082,-0.2749,0.28429908,True,1.0
42,0.084,-0.2262125,0.26415604,True,1.0
43,0.086,-0.18356355,0.2675526,True,1.0
44,0.088,-0.14897376,0.27823234,True,1.0
45,0.09,-0.12933639,0.30402884,True,1.0
46,0.092,-0.10020071,0.28927964,True,1.0
47,0.094,-0.062066566,0.2708597,True,1.0
48,0.096,-0.043075826,0.2701139,True,2.0
49,0.098,-0.034548953,0.28339767,True,2.0
50,0.1,-0.0001565545,-0.32980004,True,2.0
51,0.102,-1.0286525,-2.3691382,True,2.0
52,0.104,-2.2847164,-4.910125,True,2.0
53,0.106,-3.0017312,-5.618377,True,2.0
54,0.108,-3.2564268,-4.961033,True,2.0
55,0.11,-4.315512,-3.7886229,True,2.0
56,0.112,-4.461134,-3.2874684,True,2.0
57,0.114,-4.45838,-3.3525524,True,2.0
58,0.116,-4.2368674,-3.7707348,True,2.0
59,0.118,-4.078807,-4.2640023,True,2.0
60,0.12,-4.250199,-4.5008545,True,2.0
61,0.122,-4.5679016,-4.5578036,True,2.0
62,0.124,-4.8510823,-4.4184656,True,2.0
63,0.126,-4.9844775,-4.2538505,True,1.0
64,0.128,-5.042733,-4.1849084,True,1.0
65,0.13,-5.084522,-4.1760693,True,1.0
66,0.132,-5.1313896,-4.1921253,True,1.0
67,0.134,-5.168647,-4.212983,True,1.0
68,0.136,-5.1894946,-4.2303324,True,1.0
69,0.138,-5.1859736,-4.242463,True,1.0
70,0.14,-5.1776705,-4.276184,True,1.0
71,0.142,-5.1650624,-4.27106,True,1.0
72,0.144,-5.149937,-4.270996,True,1.0
73,0.146,-5.1394215,-4.24136,True,1.0
74,0.148,-5.127123,-4.2053804,True,1.0
75,0.15,-5.1222444,-4.182076,True,1.0
76,0.152,-5.1030183,-4.1555495,True,1.0
77,0.154,-5.1033654,-4.1554317,True,1.0
78,0.156,-5.1031427,-4.1405163,True,1.0
79,0.158,-5.0860095,-4.091798,True,1.0
80,0.16,-5.0762467,-4.0721383,True,1.0
81,0.162,-5.066152,-4.0576787,True,1.0
82,0.164,-5.050275,-4.040511,True,1.0
83,0.166,-5.032075,-4.0195866,True,1.0
84,0.168,-4.995365,-3.993188,True,1.0
85,0.17,-4.987909,-3.9812675,True,1.0
86,0.172,-4.9759,-3.968286,True,1.0
87,0.174,-4.979354,-3.9647563,True,1.0
88,0.176,-4.9848695,-3.9451637,True,1.0
89,0.178,-5.0035186,-3.934872,True,2.0
90,0.18,-4.8870234,-4.0481863,True,2.0
91,0.182,-4.190969,-5.0371284,True,2.0
92,0.184,-3.6558073,-5.9857025,True,2.0
93,0.186,-3.6478162,-6.192539,True,2.0
94,0.188,-4.113551,-5.8247485,True,3.0
95,0.19,-4.464546,-5.1521096,True,3.0
96,0.192,-4.540104,-5.13188,True,3.0
97,0.194,-4.518303,-5.380792,True,3.0
98,0.196,-4.461596,-5.517199,True,3.0
99,0.198,-4.389123,-5.5865045,True,1.0
100,0.2,-4.2573724,-5.626225,True,1.0
101,0.202,-4.2408347,-5.6236315,True,1.0
102,0.204,-4.2131896,-5.6077156,True,1.0
103,0.206,-4.1815376,-5.5906243,True,1.0
104,0.208,-4.166727,-5.580454,True,1.0
105,0.21,-4.1330123,-5.5634165,True,1.0
106,0.212,-4.103559,-5.5340767,True,1.0
107,0.214,-4.06147,-5.5120244,True,1.0
108,0.216,-4.0429254,-5.4704013,True,1.0
109,0.218,-4.023671,-5.4729757,True,1.0
110,0.22,-4.0052123,-5.478606,True,1.0
111,0.222,-4.0125732,-5.4729376,True,1.0
112,0.224,-4.0224986,-5.4736032,True,1.0
113,0.226,-4.0351667,-5.4538097,True,1.0
114,0.228,-4.0545115,-5.43539,True,1.0
115,0.23,-4.0847015,-5.4105115,True,1.0
116,0.232,-4.130107,-5.399222,True,1.0
117,0.234,-4.190016,-5.389972,True,1.0
118,0.236,-4.2229047,-5.3813148,True,1.0
119,0.238,-4.22787,-5.386461,True,1.0
120,0.24,-4.2250113,-5.405362,True,1.0
121,0.242,-4.2114124,-5.414618,True,1.0
122,0.244,-4.1865716,-5.3888726,True,1.0
123,0.246,-4.159367,-5.3789124,True,1.0
124,0.248,-4.1258793,-5.361942,True,1.0
125,0.25,-4.061324,-5.3666577,True,1.0
126,0.252,-4.004199,-5.3714595,True,1.0
127,0.254,-3.95071,-5.3510256,True,1.0
128,0.256,-3.9173758,-5.354368,True,1.0
129,0.258,-3.8942358,-5.345169,True,1.0
130,0.26,-3.8632808,-5.3572774,True,1.0
131,0.262,-3.840633,-5.363962,True,1.0
132,0.264,-3.8128643,-5.3686748,True,1.0
133,0.266,-3.812424,-5.3710294,True,1.0
134,0.268,-3.8233564,-5.373196,True,1.0
135,0.27,-3.8269155,-5.360075,True,1.0
136,0.272,-3.8273966,-5.3522267,True,1.0
137,0.274,-3.8276389,-5.357172,True,1.0
138,0.276,-3.8180609,-5.357978,True,1.0
139,0.278,-3.8294902,-5.344822,True,1.0
140,0.28,-3.8275406,-5.3432736,True,1.0
141,0.282,-3.8389215,-5.333007,True,1.0
142,0.284,-3.8449562,-5.3308597,True,1.0
143,0.286,-3.8309906,-5.3284764,True,1.0
144,0.288,-3.828474,-5.331073,True,1.0
145,0.29,-3.8211482,-5.3361554,True,1.0
146,0.292,-3.8213904,-5.3172603,True,1.0
147,0.294,-3.8343785,-5.2979097,True,1.0
148,0.296,-3.8453646,-5.283689,True,1.0
149,0.298,-3.8698006,-5.2804008,True,1.0
150,0.3,-3.8799777,-5.2802763,True,1.0
151,0.302,-3.9075837,-5.268739,True,1.0
152,0.304,-3.9327745,-5.2505417,True,1.0
153,0.306,-3.9642556,-5.240903,True,1.0
154,0.308,-3.9544802,-5.2385964,True,1.0
155,0.31,-3.9702873,-5.2217245,True,1.0
156,0.312,-3.985999,-5.198433,True,1.0
157,0.314,-4.0166993,-5.182157,True,1.0
158,0.316,-4.035294,-5.1800222,True,1.0
159,0.318,-4.0515256,-5.192541,True,1.0
160,0.32,-4.0690413,-5.1946025,True,1.0
161,0.322,-4.0725017,-5.185146,True,1.0
162,0.324,-4.089584,-5.18195,True,1.0
163,0.326,-4.1195087,-5.157533,True,1.0
164,0.328,-4.1511903,-5.1426654,True,1.0
165,0.33,-4.183437,-5.1613245,True,1.0
166,0.332,-4.1870055,-5.161653,True,1.0
167,0.334,-4.189866,-5.167771,True,1.0
168,0.336,-4.1983004,-5.17328,True,1.0
169,0.338,-4.1965795,-5.1555924,True,1.0
170,0.34,-4.1888404,-5.151527,True,1.0
171,0.342,-4.1826715,-5.1538877,True,1.0
172,0.344,-4.18293,-5.1787443,True,1.0
173,0.346,-4.1725235,-5.18426,True,1.0
174,0.348,-4.159765,-5.161615,True,1.0
175,0.35,-4.142728,-5.1431723,True,1.0
176,0.352,-4.134472,-5.1156044,True,1.0
177,0.354,-4.134265,-5.1088047,True,1.0
178,0.356,-4.128619,-5.08088,True,1.0
179,0.358,-4.1222463,-5.0814595,True,1.0
180,0.36,-4.127928,-5.071219,True,1.0
181,0.362,-4.123167,-5.082476,True,1.0
182,0.364,-4.11486,-5.0788503,True,1.0
183,0.366,-4.106079,-5.0665894,True,1.0
184,0.368,-4.0976505,-5.056973,True,1.0
185,0.37,-4.0838604,-5.0571513,True,2.0
186,0.372,-4.1364956,-5.146069,True,2.0
187,0.374,-4.2905188,-5.7274323,True,2.0
188,0.376,-4.3903813,-5.943685,True,2.0
189,0.378,-4.424813,-5.900622,True,2.0
190,0.38,-4.420075,-5.5806384,True,2.0
191,0.382,-4.393705,-5.3176556,True,2.0
192,0.384,-4.380638,-5.365708,True,3.0
193,0.386,-4.38831,-5.470315,True,3.0
194,0.388,-4.3903713,-5.5713053,True,1.0
195,0.39,-4.4036145,-5.5802083,True,1.0
196,0.392,-4.399227,-5.5701423,True,1.0
197,0.394,-4.400355,-5.5332355,True,1.0
198,0.396,-4.39518,-5.500404,True,1.0
199,0.398,-4.381966,-5.47028,True,1.0
200,0.4,-4.3508234,-5.452835,True,1.0
201,0.402,-4.328519,-5.4446526,True,1.0
202,0.404,-4.290159,-5.4365563,True,1.0
203,0.406,-4.2620397,-5.4311748,True,1.0
204,0.408,-4.244034,-5.424907,True,1.0
205,0.41,-4.218464,-5.410524,True,1.0
206,0.412,-4.148769,-5.406624,True,1.0
207,0.414,-4.1370373,-5.367738,True,1.0
208,0.416,-4.1184382,-5.3582683,True,1.0
209,0.418,-4.0662365,-5.346428,True,1.0
210,0.42,-4.077701,-5.32095,True,1.0
211,0.422,-4.0886407,-5.3079915,True,1.0
212,0.424,-4.090284,-5.279917,True,1.0
213,0.426,-4.0927634,-5.2664194,True,1.0
214,0.428,-4.060017,-5.259432,True,1.0
215,0.43,-4.035091,-5.2273455,True,1.0
216,0.432,-3.998219,-5.201858,True,1.0
217,0.434,-3.9887547,-5.1783686,True,1.0
218,0.436,-3.974025,-5.164435,True,1.0
219,0.438,-3.9397814,-5.173914,True,1.0
220,0.44,-3.9264948,-5.1824183,True,1.0
221,0.442,-3.8945138,-5.191155,True,1.0
222,0.444,-3.8782566,-5.181934,True,1.0
223,0.446,-3.8668056,-5.1667986,True,1.0
224,0.448,-3.856233,-5.17487,True,1.0
225,0.45,-3.8752012,-5.1774635,True,1.0
226,0.452,-3.869619,-5.171798,True,1.0
227,0.454,-3.8727732,-5.167277,True,1.0
228,0.456,-3.86207,-5.160952,True,1.0
229,0.458,-3.8658402,-5.151358,True,1.0
230,0.46,-3.878623,-5.151039,True,1.0
231,0.462,-3.8679338,-5.1522217,True,1.0
232,0.464,-3.8637912,-5.1381254,True,1.0
233,0.466,-3.8701,-5.1241183,True,1.0
234,0.468,-3.8804843,-5.111771,True,1.0
235,0.47,-3.8871121,-5.0992236,True,1.0
236,0.472,-3.8940227,-5.1206927,True,1.0
237,0.474,-3.9091988,-5.104235,True,1.0
238,0.476,-3.9283423,-5.1240225,True,1.0
239,0.478,-3.9611905,-5.1316795,True,1.0
240,0.48,-3.9894054,-5.1173344,True,1.0
241,0.482,-4.020867,-5.143411,True,1.0
242,0.484,-3.977412,-5.155153,True,1.0
243,0.486,-3.9875383,-5.1550064,True,1.0
244,0.488,-4.023018,-5.146065,True,1.0
245,0.49,-4.0328674,-5.154372,True,1.0
246,0.492,-4.020934,-5.1622744,True,1.0
247,0.494,-4.03503,-5.1660533,True,1.0
248,0.496,-4.0552855,-5.157712,True,1.0
249,0.498,-4.1034274,-5.143526,True,1.0
250,0.5,-4.133344,-5.1617804,True,1.0
251,0.502,-4.1430116,-5.171515,True,1.0
252,0.504,-4.151834,-5.1929903,True,1.0
253,0.506,-4.176455,-5.206762,True,1.0
254,0.508,-4.182057,-5.225657,True,1.0
255,0.51,-4.1634607,-5.243701,True,1.0
256,0.512,-4.1621327,-5.25564,True,1.0
257,0.514,-4.13719,-5.2742033,True,1.0
258,0.516,-4.1783733,-5.265909,True,1.0
259,0.518,-4.1941776,-5.2483945,True,1.0
260,0.52,-4.2408504,-5.2468553,True,1.0
261,0.522,-4.2940946,-5.2350435,True,1.0
262,0.524,-4.2961717,-5.2434745,True,1.0
263,0.526,-4.328417,-5.249761,True,1.0
264,0.528,-4.314993,-5.26994,True,1.0
265,0.53,-4.308681,-5.272687,True,1.0
266,0.532,-4.33644,-5.252113,True,1.0
267,0.534,-4.315656,-5.2447524,True,1.0
268,0.536,-4.3440237,-5.2415376,True,1.0
269,0.538,-4.2799597,-5.239275,True,1.0
270,0.54,-4.240682,-5.2418523,True,1.0
271,0.542,-4.2695146,-5.250402,True,1.0
272,0.544,-4.2643657,-5.272553,True,1.0
273,0.546,-4.2777934,-5.2825356,True,1.0
274,0.548,-4.2624664,-5.281201,True,1.0
275,0.55,-4.2418985,-5.314746,True,1.0
276,0.552,-4.225687,-5.322224,True,1.0
277,0.554,-4.223852,-5.305993,True,1.0
278,0.556,-4.237199,-5.2980757,True,1.0
279,0.558,-4.22678,-5.2966285,True,1.0
280,0.56,-4.2514133,-5.3032913,True,1.0
281,0.562,-4.2757573,-5.308756,True,1.0
282,0.564,-4.2681007,-5.3044095,True,1.0
283,0.566,-4.2670074,-5.2903323,True,1.0
284,0.568,-4.26724,-5.280356,True,1.0
285,0.57,-4.3159614,-5.2897334,True,2.0
286,0.572,-3.870422,-5.263797,True,2.0
287,0.574,-2.3679597,-4.974335,True,2.0
288,0.576,0.717465,-3.4236894,True,2.0
289,0.578,2.9101439,-2.0184104,True,2.0
290,0.58,3.9989347,-0.7680369,True,2.0
291,0.582,2.9044633,-0.26199248,True,2.0
292,0.584,2.957723,-0.28272188,True,3.0
293,0.586,3.8040953,-0.30625367,True,3.0
294,0.588,3.9200196,-0.37297213,True,3.0
295,0.59,3.6468174,-0.69394875,True,3.0
296,0.592,3.5064123,-0.7885349,True,3.0
297,0.594,3.86845,-0.65541977,True,1.0
298,0.596,4.2256293,-0.2668515,True,1.0
299,0.598,4.3160343,-0.121708,True,1.0
300,0.6,4.245688,-0.13052756,True,1.0
301,0.602,4.1687274,-0.20275559,True,1.0
302,0.604,4.07862,-0.2592737,True,1.0
303,0.606,4.0599833,-0.27652484,True,1.0
304,0.608,4.048859,-0.28759062,True,1.0
305,0.61,4.038968,-0.2772804,True,1.0
306,0.612,4.0308523,-0.27977845,True,1.0
307,0.614,4.0064783,-0.26723367,True,1.0
308,0.616,3.9893644,-0.2518884,True,1.0
309,0.618,3.9318576,-0.24492903,True,1.0
310,0.62,3.8914256,-0.23158786,True,1.0
311,0.622,3.8370128,-0.23269346,True,1.0
312,0.624,3.782026,-0.22800656,True,1.0
313,0.626,3.6839297,-0.22837606,True,1.0
314,0.628,3.6055844,-0.21490459,True,1.0
315,0.63,3.569952,-0.20751542,True,1.0
316,0.632,3.5495007,-0.19400603,True,1.0
317,0.634,3.563474,-0.17318915,True,1.0
318,0.636,3.582525,-0.15975268,True,1.0
319,0.638,3.6219788,-0.17208062,True,1.0
320,0.64,3.6545634,-0.1814418,True,1.0
321,0.642,3.687265,-0.2022266,True,1.0
322,0.644,3.7513142,-0.21044426,True,1.0
323,0.646,3.812382,-0.21140595,True,1.0
324,0.648,3.852573,-0.20664902,True,1.0
325,0.65,3.895348,-0.19403131,True,1.0
326,0.652,3.9357646,-0.18763883,True,1.0
327,0.654,3.9567351,-0.18386985,True,1.0
328,0.656,3.9829779,-0.18753089,True,1.0
329,0.658,3.99537,-0.19763206,True,1.0
330,0.66,3.9938335,-0.22603747,True,1.0
331,0.662,3.987021,-0.25082073,True,1.0
332,0.664,3.9760778,-0.24498056,True,1.0
333,0.666,3.9796193,-0.2450885,True,1.0
334,0.668,3.9839056,-0.252994,True,1.0
335,0.67,3.9857259,-0.25719666,True,1.0
336,0.672,3.9883435,-0.26415604,True,1.0
337,0.674,3.928882,-0.26455668,True,2.0
338,0.676,3.3204918,-0.30520153,True,2.0
339,0.678,2.6061015,-0.42968473,True,2.0
340,0.68,2.4199378,-0.5395043,True,2.0
341,0.682,2.4218106,-0.5527696,True,3.0
342,0.684,2.5744212,-0.49035883,True,3.0
343,0.686,2.7845192,-0.44461963,True,3.0
344,0.688,2.8280394,-0.40690944,True,1.0
345,0.69,2.848304,-0.39909923,True,1.0
346,0.692,2.8397741,-0.4190011,True,1.0
347,0.694,2.8153284,-0.427703,True,1.0
348,0.696,2.7845268,-0.44727036,True,1.0
349,0.698,2.7745016,-0.48080608,True,1.0
350,0.7,2.765505,-0.4739274,True,1.0
351,0.702,2.7377026,-0.50144404,True,1.0
352,0.704,2.6998727,-0.50856876,True,1.0
353,0.706,2.6888127,-0.52098906,True,1.0
354,0.708,2.6820507,-0.50991064,True,1.0
355,0.71,2.681063,-0.50528985,True,1.0
356,0.712,2.6724417,-0.48762545,True,1.0
357,0.714,2.6701217,-0.48232302,True,1.0
358,0.716,2.6662028,-0.46236086,True,1.0
359,0.718,2.6702926,-0.45522353,True,1.0
360,0.72,2.666059,-0.45137772,True,1.0
361,0.722,2.6751916,-0.4567142,True,1.0
362,0.724,2.6890364,-0.46235114,True,1.0
363,0.726,2.6851645,-0.45131063,True,1.0
364,0.728,2.684896,-0.44187263,True,1.0
365,0.73,2.6931517,-0.444642,True,1.0
366,0.732,2.7110338,-0.4435578,True,1.0
367,0.734,2.7352443,-0.44375226,True,1.0
368,0.736,2.7605517,-0.44178998,True,1.0
369,0.738,2.7786283,-0.41743362,True,1.0
370,0.74,2.800583,-0.43317366,True,1.0
371,0.742,2.8261626,-0.43571645,True,1.0
372,0.744,2.8324113,-0.4247878,True,1.0
373,0.746,2.8204548,-0.40781766,True,2.0
374,0.748,3.1043532,0.23964605,True,2.0
375,0.75,4.3979836,1.9766824,True,2.0
376,0.752,5.6922417,3.9976356,True,2.0
377,0.754,5.8374777,5.0087347,True,2.0
378,0.756,5.084822,4.814251,True,3.0
379,0.758,4.444246,3.803123,True,3.0
380,0.76,4.479067,3.0826583,True,3.0
381,0.762,4.9020343,2.9546094,True,3.0
382,0.764,5.173959,3.1559365,True,3.0
383,0.766,5.2709665,3.8103118,True,3.0
384,0.768,5.2385335,4.07527,True,3.0
385,0.77,5.218866,4.0244102,True,3.0
386,0.772,5.193341,3.9195228,True,3.0
387,0.774,5.186028,3.7241476,True,1.0
388,0.776,5.189441,3.6554854,True,1.0
389,0.778,5.1850986,3.6171217,True,1.0
390,0.78,5.1901665,3.621264,True,1.0
391,0.782,5.1802135,3.64852,True,1.0
392,0.784,5.186796,3.6234431,True,1.0
393,0.786,5.200713,3.6070468,True,1.0
394,0.788,5.2212753,3.6019292,True,1.0
395,0.79,5.2027726,3.61644,True,1.0
396,0.792,5.1940074,3.6400254,True,1.0
397,0.794,5.1774282,3.6158693,True,1.0
398,0.796,5.1647153,3.600951,True,1.0
399,0.798,5.1595054,3.5916374,True,1.0
400,0.8,5.1459503,3.5821517,True,1.0
401,0.802,5.1558666,3.5828497,True,1.0
402,0.804,5.1718273,3.5719113,True,1.0
403,0.806,5.1639824,3.5542042,True,1.0
404,0.808,5.165635,3.5279682,True,1.0
405,0.81,5.1545324,3.5082297,True,1.0
406,0.812,5.160283,3.49558,True,1.0
407,0.814,5.1647816,3.4976919,True,1.0
408,0.816,5.1738753,3.4988453,True,1.0
409,0.818,5.1834416,3.490928,True,1.0
410,0.82,5.1805325,3.4796066,True,1.0
411,0.822,5.152677,3.459198,True,1.0
412,0.824,5.1805325,3.4213507,True,1.0
413,0.826,5.1840253,3.4011843,True,1.0
414,0.828,5.1589217,3.3752449,True,1.0
415,0.83,5.1366444,3.3777752,True,1.0
416,0.832,5.1000166,3.4017804,True,1.0
417,0.834,5.0547714,3.4237087,True,1.0
418,0.836,5.0053954,3.440816,True,1.0
419,0.838,4.96826,3.4421005,True,1.0
420,0.84,4.914971,3.407427,True,1.0
421,0.842,4.8695683,3.3902586,True,1.0
422,0.844,4.817036,3.381124,True,1.0
423,0.846,4.741324,3.3746529,True,1.0
424,0.848,4.6972184,3.380273,True,1.0
425,0.85,4.654521,3.3753822,True,1.0
426,0.852,4.6192174,3.3851829,True,1.0
427,0.854,4.6032467,3.4089274,True,1.0
428,0.856,4.600392,3.4148862,True,1.0
429,0.858,4.5989604,3.4216192,True,1.0
430,0.86,4.608113,3.43251,True,1.0
431,0.862,4.6152635,3.449582,True,1.0
432,0.864,4.6404386,3.4314198,True,1.0
433,0.866,4.645322,3.4412274,True,1.0
434,0.868,4.627644,3.4919627,True,1.0
435,0.87,4.618624,3.5342937,True,1.0
436,0.872,4.6048026,3.5439699,True,1.0
437,0.874,4.671526,3.4977114,True,1.0
438,0.876,4.7062073,3.4690533,True,1.0
439,0.878,4.75491,3.4518409,True,1.0
440,0.88,4.815982,3.425812,True,1.0
441,0.882,4.8558617,3.4385192,True,1.0
442,0.884,4.896943,3.4325674,True,1.0
443,0.886,4.924518,3.4243078,True,1.0
444,0.888,4.935953,3.4225554,True,1.0
445,0.89,4.967688,3.4105203,True,1.0
446,0.892,4.9892597,3.4213283,True,1.0
447,0.894,5.0114555,3.4067261,True,1.0
448,0.896,5.027334,3.4140413,True,1.0
449,0.898,5.0420504,3.429017,True,1.0
450,0.9,5.057531,3.430951,True,1.0
451,0.902,5.0798707,3.4313273,True,1.0
452,0.904,5.09495,3.4225585,True,1.0
453,0.906,5.1094236,3.4172754,True,1.0
454,0.908,5.1235404,3.4234064,True,1.0
455,0.91,5.119826,3.4352949,True,1.0
456,0.912,5.1114306,3.4263887,True,1.0
457,0.914,5.0866733,3.4391658,True,1.0
458,0.916,5.055112,3.437579,True,1.0
459,0.918,5.0325465,3.4394937,True,1.0
460,0.92,5.003223,3.4241834,True,1.0
461,0.922,4.9662647,3.4114635,True,1.0
462,0.924,4.939516,3.4091024,True,1.0
463,0.926,4.879444,3.4084404,True,1.0
464,0.928,4.7650075,3.3986804,True,2.0
465,0.93,4.6241183,3.26432,True,2.0
466,0.932,3.196269,1.9527655,True,2.0
467,0.934,2.331641,0.6881854,True,2.0
468,0.936,0.92024094,0.43625224,True,2.0
469,0.938,-0.32993132,0.2706205,True,2.0
470,0.94,-1.971976,-0.122746505,True,2.0
471,0.942,-3.3167412,-0.87986445,True,2.0
472,0.944,-3.8422868,-1.3136342,True,2.0
473,0.946,-4.7413354,-1.6103575,True,2.0
474,0.948,-4.970754,-1.4792241,True,2.0
475,0.95,-5.0810046,-1.366253,True,2.0
476,0.952,-4.8744507,-1.3394784,True,2.0
477,0.954,-4.765061,-1.397349,True,2.0
478,0.956,-4.8381047,-1.4507225,True,1.0
479,0.958,-5.2093334,-1.4928172,True,1.0
480,0.96,-5.3697133,-1.5374099,True,1.0
481,0.962,-5.3771696,-1.5332354,True,1.0
482,0.964,-5.359409,-1.5166348,True,1.0
483,0.966,-5.253725,-1.496873,True,1.0
484,0.968,-5.0630774,-1.4550117,True,1.0
485,0.97,-4.93378,-1.4208254,True,1.0
486,0.972,-4.88797,-1.3992189,True,1.0
487,0.974,-4.895853,-1.3808049,True,1.0
488,0.976,-4.9446807,-1.3798431,True,1.0
489,0.978,-4.996618,-1.3898704,True,1.0
490,0.98,-5.015105,-1.38006,True,1.0
491,0.982,-5.0304656,-1.3874997,True,1.0
492,0.984,-5.0324345,-1.3860149,True,1.0
493,0.986,-5.0185266,-1.402424,True,1.0
494,0.988,-5.002783,-1.3905268,True,1.0
495,0.99,-4.9938707,-1.3672633,True,1.0
496,0.992,-5.011102,-1.3491712,True,1.0
497,0.994,-4.986087,-1.3503214,True,1.0
498,0.996,-4.989209,-1.3250705,True,1.0
499,0.998,-4.974523,-1.3245863,True,1.0
500,1.0,-4.9452443,-1.3125033,True,1.0
501,1.002,-4.91991,-1.2991467,True,1.0
502,1.004,-4.900726,-1.3056304,True,1.0
503,1.006,-4.916159,-1.298076,True,1.0
504,1.008,-4.9317284,-1.311388,True,1.0
505,1.01,-4.941061,-1.323254,True,1.0
506,1.012,-4.9396048,-1.3207842,True,1.0
507,1.014,-4.940653,-1.3028679,True,1.0
508,1.016,-4.954221,-1.2885486,True,1.0
509,1.018,-4.9621,-1.269023,True,1.0
510,1.02,-4.9940176,-1.2491844,True,1.0
511,1.022,-5.0311985,-1.2377772,True,1.0
512,1.024,-5.075505,-1.2299389,True,1.0
513,1.026,-5.087287,-1.2235541,True,2.0
514,1.028,-5.122671,-1.2501528,True,2.0
515,1.03,-5.938504,-1.2712847,True,2.0
516,1.032,-7.6247525,-1.2667125,True,2.0
517,1.034,-7.9956884,-1.1375104,True,2.0
518,1.036,-8.526125,-0.9985357,True,2.0
519,1.038,-8.346235,-0.99752927,True,3.0
520,1.04,-8.134683,-1.0672203,True,3.0
521,1.042,-8.077914,-1.1060264,True,3.0
522,1.044,-8.085488,-1.101674,True,1.0
523,1.046,-8.149179,-1.0891196,True,1.0
524,1.048,-8.273277,-1.0608473,True,1.0
525,1.05,-8.335529,-1.0729176,True,1.0
526,1.052,-8.371955,-1.0818995,True,1.0
527,1.054,-8.406071,-1.0948964,True,1.0
528,1.056,-8.395989,-1.1281044,True,1.0
529,1.058,-8.411863,-1.1398616,True,1.0
530,1.06,-8.42272,-1.1424491,True,1.0
531,1.062,-8.4339,-1.1320583,True,1.0
532,1.064,-8.439141,-1.1214864,True,1.0
533,1.066,-8.425287,-1.1411335,True,1.0
534,1.068,-8.43692,-1.1828995,True,1.0
535,1.07,-8.440722,-1.1909227,True,1.0
536,1.072,-8.460462,-1.1829987,True,1.0
537,1.074,-8.473714,-1.188868,True,1.0
538,1.076,-8.487823,-1.1880075,True,1.0
539,1.078,-8.499924,-1.1877303,True,1.0
540,1.08,-8.503227,-1.1817268,True,1.0
541,1.082,-8.522263,-1.1801817,True,1.0
542,1.084,-8.53872,-1.190031,True,1.0
543,1.086,-8.542025,-1.1880999,True,1.0
544,1.088,-8.55216,-1.2016802,True,1.0
545,1.09,-8.563963,-1.2040286,True,1.0
546,1.092,-8.5669,-1.2177927,True,1.0
547,1.094,-8.567347,-1.2125136,True,1.0
548,1.096,-8.556809,-1.2251635,True,1.0
549,1.098,-8.5662565,-1.231443,True,1.0
550,1.1,-8.571298,-1.2404698,True,1.0
551,1.102,-8.564492,-1.2283111,True,1.0
552,1.104,-8.549375,-1.2180864,True,1.0
553,1.106,-8.543153,-1.2210618,True,1.0
554,1.108,-8.530592,-1.2254114,True,1.0
555,1.11,-8.512672,-1.2440453,True,1.0
556,1.112,-8.484273,-1.2413148,True,1.0
557,1.114,-8.440038,-1.2568195,True,1.0
558,1.116,-8.418819,-1.246693,True,1.0
559,1.118,-8.402429,-1.2271354,True,1.0
560,1.12,-8.383968,-1.2300311,True,1.0
561,1.122,-8.365467,-1.2339927,True,1.0
562,1.124,-8.337941,-1.2567708,True,1.0
563,1.126,-8.312437,-1.2752842,True,1.0
564,1.128,-8.2977295,-1.2763704,True,1.0
565,1.13,-8.275946,-1.2827395,True,1.0
566,1.132,-8.270898,-1.2829913,True,1.0
567,1.134,-8.261138,-1.2860504,True,1.0
568,1.136,-8.225776,-1.3063092,True,1.0
569,1.138,-8.212639,-1.3023934,True,1.0
570,1.14,-8.202061,-1.3016126,True,1.0
571,1.142,-8.2176895,-1.2970939,True,1.0
572,1.144,-8.241147,-1.2906995,True,1.0
573,1.146,-8.247969,-1.2866621,True,1.0
574,1.148,-8.272048,-1.2828989,True,1.0
575,1.15,-8.281569,-1.2832237,True,1.0
576,1.152,-8.281657,-1.2833997,True,1.0
577,1.154,-8.282167,-1.2798175,True,1.0
578,1.156,-8.297848,-1.2748787,True,1.0
579,1.158,-8.309767,-1.2719353,True,1.0
580,1.16,-8.303991,-1.2775586,True,1.0
581,1.162,-8.305129,-1.2677102,True,1.0
582,1.164,-8.29793,-1.2566882,True,1.0
583,1.166,-8.311275,-1.2503093,True,1.0
584,1.168,-8.330842,-1.2667544,True,1.0
585,1.17,-8.348872,-1.2792671,True,1.0
586,1.172,-8.360226,-1.2908103,True,1.0
587,1.174,-8.37756,-1.2782888,True,1.0
588,1.176,-8.410335,-1.2697523,True,1.0
589,1.178,-8.464375,-1.2711798,True,1.0
590,1.18,-8.5172415,-1.2862673,True,1.0
591,1.182,-8.555617,-1.2724798,True,1.0
592,1.184,-8.597168,-1.2740862,True,1.0
593,1.186,-8.627753,-1.2800694,True,1.0
594,1.188,-8.66611,-1.2925023,True,1.0
595,1.19,-8.691152,-1.3005128,True,1.0
596,1.192,-8.709244,-1.3000227,True,1.0
597,1.194,-8.710333,-1.309629,True,1.0
598,1.196,-8.684692,-1.3160748,True,1.0
599,1.198,-8.642454,-1.3127873,True,1.0
600,1.2,-8.597925,-1.3240476,True,1.0
601,1.202,-8.53751,-1.3098905,True,1.0
602,1.204,-8.461815,-1.3046007,True,2.0
603,1.206,-8.398653,-1.2918625,True,2.0
604,1.208,-8.246179,-1.2700547,True,2.0
605,1.21,-8.138579,-1.414042,True,2.0
606,1.212,-8.406739,-1.8464222,True,2.0
607,1.214,-8.611652,-2.0202649,True,2.0
608,1.216,-8.639813,-1.9629649,True,2.0
609,1.218,-8.571364,-1.8849483,True,2.0
610,1.22,-8.526498,-1.7785349,True,1.0
611,1.222,-8.481972,-1.7392504,True,1.0
612,1.224,-8.477253,-1.7459317,True,1.0
613,1.226,-8.484349,-1.8193675,True,1.0
614,1.228,-8.47942,-1.8681084,True,1.0
615,1.23,-8.461284,-1.8779539,True,1.0
616,1.232,-8.43202,-1.8897218,True,1.0
617,1.234,-8.427461,-1.8908935,True,1.0
618,1.236,-8.385857,-1.8812872,True,1.0
619,1.238,-8.3643465,-1.89105,True,1.0
620,1.24,-8.3360195,-1.9203705,True,1.0
621,1.242,-8.302809,-1.9324114,True,1.0
622,1.244,-8.282305,-1.9511951,True,1.0
623,1.246,-8.250477,-1.9361844,True,1.0
624,1.248,-8.2309,-1.9749272,True,1.0
625,1.25,-8.221917,-1.9604805,True,1.0
626,1.252,-8.227299,-1.982507,True,1.0
627,1.254,-8.235793,-1.993357,True,1.0
628,1.256,-8.2371645,-1.985499,True,1.0
629,1.258,-8.235685,-2.0089598,True,1.0
630,1.26,-8.236275,-2.0070229,True,1.0
631,1.262,-8.240748,-1.9839344,True,1.0
632,1.264,-8.232241,-1.9727792,True,1.0
633,1.266,-8.244675,-1.9614742,True,1.0
634,1.268,-8.248584,-1.9509432,True,1.0
635,1.27,-8.256826,-1.9596578,True,1.0
636,1.272,-8.27118,-1.9707459,True,1.0
637,1.274,-8.316859,-1.96553,True,1.0
638,1.276,-8.343475,-1.9790502,True,1.0
639,1.278,-8.38029,-1.9809676,True,1.0
640,1.28,-8.4214,-1.990466,True,1.0
641,1.282,-8.45463,-1.995252,True,1.0
642,1.284,-8.473277,-2.0054767,True,1.0
643,1.286,-8.499417,-2.0102093,True,1.0
644,1.288,-8.531886,-2.025468,True,1.0
645,1.29,-8.54828,-2.0471573,True,1.0
646,1.292,-8.556114,-2.0731802,True,1.0
647,1.294,-8.576441,-2.0826561,True,1.0
648,1.296,-8.599063,-2.1071243,True,1.0
649,1.298,-8.653338,-2.1116867,True,1.0
650,1.3,-8.692688,-2.124955,True,1.0
651,1.302,-8.741482,-2.150028,True,1.0
652,1.304,-8.779648,-2.1481612,True,1.0
653,1.306,-8.795486,-2.139468,True,1.0
654,1.308,-8.799811,-2.1324775,True,1.0
655,1.31,-8.803456,-2.1365178,True,1.0
656,1.312,-8.799229,-2.1329715,True,1.0
657,1.314,-8.773964,-2.1288514,True,1.0
658,1.316,-8.749438,-2.1446974,True,1.0
659,1.318,-8.716622,-2.1563876,True,1.0
660,1.32,-8.698628,-2.1458282,True,1.0
661,1.322,-8.678275,-2.152077,True,1.0
662,1.324,-8.674685,-2.1501079,True,1.0
663,1.326,-8.674407,-2.1549766,True,1.0
664,1.328,-8.6777525,-2.1565344,True,1.0
665,1.33,-8.670453,-2.1630757,True,1.0
666,1.332,-8.685454,-2.168802,True,1.0
667,1.334,-8.700793,-2.1738515,True,1.0
668,1.336,-8.737276,-2.178271,True,1.0
669,1.338,-8.784637,-2.1724436,True,1.0
670,1.34,-8.814213,-2.1705737,True,1.0
671,1.342,-8.831996,-2.167138,True,1.0
672,1.344,-8.8739605,-2.1747665,True,1.0
673,1.346,-8.905033,-2.1832867,True,1.0
674,1.348,-8.9130335,-2.2093282,True,1.0
675,1.35,-8.920922,-2.2160833,True,1.0
676,1.352,-8.898221,-2.218247,True,1.0
677,1.354,-8.8799305,-2.2197697,True,1.0
678,1.356,-8.880144,-2.2111826,True,1.0
679,1.358,-8.882521,-2.2327511,True,1.0
680,1.36,-8.881996,-2.275499,True,1.0
681,1.362,-8.867478,-2.263247,True,1.0
682,1.364,-8.866813,-2.2643528,True,1.0
683,1.366,-8.873367,-2.2700217,True,1.0
684,1.368,-8.894639,-2.2598186,True,1.0
685,1.37,-8.900294,-2.2783725,True,1.0
686,1.372,-8.901563,-2.2842712,True,1.0
687,1.374,-8.903992,-2.2561574,True,1.0
688,1.376,-8.900098,-2.259204,True,1.0
689,1.378,-8.898322,-2.226907,True,1.0
690,1.38,-8.896538,-2.2133179,True,1.0
691,1.382,-8.888352,-2.2068398,True,1.0
692,1.384,-8.883047,-2.2027042,True,1.0
693,1.386,-8.877778,-2.2049885,True,1.0
694,1.388,-8.865417,-2.2120373,True,1.0
695,1.39,-8.863591,-2.201803,True,1.0
696,1.392,-8.871839,-2.1954494,True,1.0
697,1.394,-8.8784275,-2.18856,True,1.0
698,1.396,-8.87562,-2.1806068,True,1.0
699,1.398,-8.868059,-2.2007537,True,1.0
700,1.4,-8.906699,-2.1861572,True,2.0
701,1.402,-8.593175,-2.1972969,True,2.0
702,1.404,-6.9146104,-1.9758034,True,2.0
703,1.406,-4.1752377,-0.88900006,True,2.0
704,1.408,-0.8806035,-0.34557608,True,2.0
705,1.41,1.3269054,0.3512091,True,2.0
706,1.412,2.7364988,1.3872421,True,2.0
707,1.414,3.3298364,2.5227542,True,2.0
708,1.416,4.369164,3.275787,True,2.0
709,1.418,4.4347825,3.3858683,True,3.0
710,1.42,4.4298096,3.0106218,True,3.0
711,1.422,4.245805,2.4409704,True,3.0
712,1.424,4.143062,2.3163152,True,3.0
713,1.426,4.444944,2.470498,True,3.0
714,1.428,5.0723114,2.937645,True,3.0
715,1.43,5.1035113,3.1758995,True,3.0
716,1.432,4.925294,3.16201,True,1.0
717,1.434,4.613959,3.1089225,True,1.0
718,1.436,4.340461,3.0467284,True,1.0
719,1.438,4.324228,2.9820628,True,1.0
720,1.44,4.298895,2.9537642,True,1.0
721,1.442,4.2776504,2.9233353,True,1.0
722,1.444,4.2751613,2.8864157,True,1.0
723,1.446,4.269846,2.8542812,True,1.0
724,1.448,4.292973,2.8523889,True,1.0
725,1.45,4.309274,2.8420875,True,1.0
726,1.452,4.3230414,2.8347108,True,1.0
727,1.454,4.33733,2.812413,True,1.0
728,1.456,4.329778,2.7893791,True,1.0
729,1.458,4.3437395,2.770822,True,1.0
730,1.46,4.3432593,2.765934,True,1.0
731,1.462,4.3601556,2.7417283,True,1.0
732,1.464,4.370358,2.7156634,True,1.0
733,1.466,4.378477,2.6995316,True,1.0
734,1.468,4.402855,2.6913166,True,1.0
735,1.47,4.4155974,2.6880476,True,1.0
736,1.472,4.4336333,2.683456,True,1.0
737,1.474,4.4668536,2.689297,True,1.0
738,1.476,4.499106,2.698952,True,1.0
739,1.478,4.513925,2.717081,True,1.0
740,1.48,4.5371146,2.7262459,True,1.0
741,1.482,4.5388064,2.7272143,True,1.0
742,1.484,4.547755,2.7173243,True,1.0
743,1.486,4.5499463,2.693812,True,1.0
744,1.488,4.530012,2.6991327,True,1.0
745,1.49,4.5285654,2.6993244,True,1.0
746,1.492,4.5224104,2.6856935,True,1.0
747,1.494,4.5304303,2.6806176,True,1.0
748,1.496,4.5383477,2.684476,True,1.0
749,1.498,4.5295067,2.6850147,True,1.0
750,1.5,4.524213,2.6922853,True,1.0
751,1.502,4.512383,2.697368,True,1.0
752,1.504,4.4996076,2.7086253,True,1.0
753,1.506,4.485592,2.716209,True,1.0
754,1.508,4.458993,2.7143574,True,1.0
755,1.51,4.4381604,2.710327,True,1.0
756,1.512,4.4047494,2.697193,True,1.0
757,1.514,4.3825884,2.686241,True,1.0
758,1.516,4.378825,2.6723619,True,1.0
759,1.518,4.3648057,2.6725175,True,1.0
760,1.52,4.339216,2.6610024,True,1.0
761,1.522,4.3091345,2.6494234,True,1.0
762,1.524,4.268757,2.646826,True,1.0
763,1.526,4.223739,2.6361969,True,1.0
764,1.528,4.18244,2.62429,True,1.0
765,1.53,4.147208,2.6067588,True,1.0
766,1.532,4.1347675,2.6092598,True,1.0
767,1.534,4.1290226,2.6357322,True,1.0
768,1.536,4.098451,2.6470108,True,1.0
769,1.538,4.0847306,2.654681,True,1.0
770,1.54,4.041574,2.649293,True,2.0
771,1.542,4.0722394,2.3659616,True,2.0
772,1.544,4.5296683,0.87587863,True,2.0
773,1.546,4.347643,-1.6085634,True,2.0
774,1.548,3.1495264,-2.8902936,True,2.0
775,1.55,3.0948744,-2.8107784,True,2.0
776,1.552,3.0874064,-1.806915,True,2.0
777,1.554,3.129532,-0.943234,True,2.0
778,1.556,3.2091007,-0.78231156,True,3.0
779,1.558,3.2439804,-0.78803796,True,3.0
780,1.56,3.1918857,-1.265011,True,3.0
781,1.562,3.0968773,-1.6036538,True,3.0
782,1.564,3.0086896,-1.6559187,True,1.0
783,1.566,2.9619703,-1.5851444,True,1.0
784,1.568,2.9496093,-1.4675565,True,1.0
785,1.57,2.9638216,-1.3598995,True,1.0
786,1.572,3.0109146,-1.290925,True,1.0
787,1.574,3.0616732,-1.274726,True,1.0
788,1.576,3.1002808,-1.2904476,True,1.0
789,1.578,3.1571538,-1.2848583,True,1.0
790,1.58,3.2071657,-1.2741368,True,1.0
791,1.582,3.2569015,-1.2465686,True,1.0
792,1.584,3.3124578,-1.2188185,True,1.0
793,1.586,3.3603306,-1.185844,True,1.0
794,1.588,3.3909276,-1.1520495,True,1.0
795,1.59,3.3973415,-1.1297168,True,1.0
796,1.592,3.3899338,-1.1422042,True,1.0
797,1.594,3.3796966,-1.1508098,True,1.0
798,1.596,3.3663747,-1.1609712,True,1.0
799,1.598,3.3452585,-1.1835656,True,1.0
800,1.6,3.3564272,-1.1899794,True,1.0
801,1.602,3.3546302,-1.197216,True,1.0
802,1.604,3.3543718,-1.1786016,True,1.0
803,1.606,3.3552196,-1.1699531,True,1.0
804,1.608,3.344395,-1.1517403,True,1.0
805,1.61,3.3205228,-1.1524667,True,1.0
806,1.612,3.2694588,-1.1576825,True,1.0
807,1.614,3.2365863,-1.1872423,True,1.0
808,1.616,3.2135777,-1.2186377,True,1.0
809,1.618,3.1872396,-1.2250545,True,1.0
810,1.62,3.1547074,-1.2331798,True,1.0
811,1.622,3.0698042,-1.2245352,True,1.0
812,1.624,2.9828494,-1.2224796,True,1.0
813,1.626,2.933915,-1.2314149,True,1.0
814,1.628,2.907814,-1.2221801,True,1.0
815,1.63,2.868477,-1.2072111,True,1.0
816,1.632,2.851863,-1.2018708,True,1.0
817,1.634,2.8656495,-1.1706387,True,1.0
818,1.636,2.8995566,-1.1315778,True,1.0
819,1.638,2.9436426,-1.1087792,True,1.0
820,1.64,2.9808133,-1.1048985,True,1.0
821,1.642,3.0056791,-1.098433,True,1.0
822,1.644,3.0317721,-1.097204,True,1.0
823,1.646,3.0598178,-1.0990485,True,1.0
824,1.648,3.0792189,-1.1059214,True,1.0
825,1.65,3.089318,-1.1185362,True,1.0
826,1.652,3.1118853,-1.1110673,True,1.0
827,1.654,3.1265237,-1.1166722,True,1.0
828,1.656,3.1473715,-1.1000297,True,1.0
829,1.658,3.1426206,-1.1068102,True,1.0
830,1.66,3.1389158,-1.1090884,True,1.0
831,1.662,3.1367338,-1.09019,True,1.0
832,1.664,3.1480212,-1.0911275,True,1.0
833,1.666,3.153799,-1.0984049,True,1.0
834,1.668,3.153274,-1.0914494,True,1.0
835,1.67,3.1427236,-1.1139504,True,1.0
836,1.672,3.143274,-1.117242,True,1.0
837,1.674,3.1436086,-1.1230637,True,1.0
838,1.676,3.1419418,-1.1257465,True,1.0
839,1.678,3.113801,-1.1122584,True,1.0
840,1.68,3.098758,-1.108575,True,1.0
841,1.682,3.0809186,-1.1191828,True,1.0
842,1.684,3.071086,-1.1296943,True,1.0
843,1.686,3.0678828,-1.1342188,True,1.0
844,1.688,3.0448625,-1.1303351,True,1.0
845,1.69,3.0439854,-1.140872,True,1.0
846,1.692,3.0545125,-1.1488222,True,1.0
847,1.694,3.0541663,-1.1505492,True,1.0
848,1.696,3.0459223,-1.1395369,True,1.0
849,1.698,3.0409749,-1.1365895,True,1.0
850,1.7,3.0418034,-1.1444407,True,1.0
851,1.702,3.0286217,-1.1363572,True,1.0
852,1.704,3.0397534,-1.1320232,True,1.0
853,1.706,3.0213442,-1.1363319,True,1.0
854,1.708,3.010475,-1.123261,True,1.0
855,1.71,3.0233123,-1.0958115,True,2.0
856,1.712,2.9887052,-1.6275065,True,2.0
857,1.714,3.1001408,-3.5373528,True,2.0
858,1.716,2.8758693,-5.769759,True,2.0
859,1.718,1.803926,-6.975193,True,2.0
860,1.72,0.9859044,-7.0790606,True,2.0
861,1.722,0.22147113,-6.9191833,True,2.0
862,1.724,0.17864132,-7.311448,True,2.0
863,1.726,-0.8699296,-8.0805025,True,2.0
864,1.728,-1.3208357,-8.300926,True,2.0
865,1.73,-1.3136595,-8.174161,True,2.0
866,1.732,-1.352552,-7.6353126,True,2.0
867,1.734,-1.3390962,-7.6242685,True,2.0
868,1.736,-1.1486462,-7.964616,True,1.0
869,1.738,-1.1358058,-8.236265,True,1.0
870,1.74,-1.1262599,-8.244604,True,1.0
871,1.742,-1.1157863,-8.15849,True,1.0
872,1.744,-1.1134953,-8.056152,True,1.0
873,1.746,-1.0568712,-8.056742,True,1.0
874,1.748,-1.0379854,-8.035027,True,1.0
875,1.75,-1.1373451,-8.027051,True,1.0
876,1.752,-1.3585488,-8.026596,True,1.0
877,1.754,-1.4784122,-8.009466,True,1.0
878,1.756,-1.5347426,-8.014928,True,1.0
879,1.758,-1.5606986,-8.047648,True,1.0
880,1.76,-1.5592867,-8.07621,True,1.0
881,1.762,-1.5338092,-8.092731,True,1.0
882,1.764,-1.5186107,-8.10114,True,1.0
883,1.766,-1.503001,-8.108781,True,1.0
884,1.768,-1.5100459,-8.114421,True,1.0
885,1.77,-1.4986097,-8.134574,True,1.0
886,1.772,-1.495675,-8.139848,True,1.0
887,1.774,-1.5015696,-8.111585,True,1.0
888,1.776,-1.5222874,-8.06336,True,1.0
889,1.778,-1.5396843,-8.063847,True,1.0
890,1.78,-1.5605712,-8.039902,True,1.0
891,1.782,-1.5728768,-8.022539,True,1.0
892,1.784,-1.5729313,-8.0081215,True,1.0
893,1.786,-1.5805752,-8.0063305,True,1.0
894,1.788,-1.5997983,-8.004129,True,1.0
895,1.79,-1.6226689,-8.007787,True,1.0
896,1.792,-1.6444825,-8.026322,True,1.0
897,1.794,-1.6558099,-8.032099,True,1.0
898,1.796,-1.6544495,-8.0613365,True,1.0
899,1.798,-1.6514574,-8.062244,True,1.0
900,1.8,-1.632209,-8.060731,True,1.0
901,1.802,-1.6170679,-8.050678,True,1.0
902,1.804,-1.5987754,-8.044204,True,1.0
903,1.806,-1.5848031,-8.045366,True,1.0
904,1.808,-1.5526627,-8.054521,True,1.0
905,1.81,-1.5105107,-8.076605,True,1.0
906,1.812,-1.4733013,-8.082105,True,1.0
907,1.814,-1.454119,-8.079444,True,1.0
908,1.816,-1.4372063,-8.079463,True,1.0
909,1.818,-1.4318951,-8.062359,True,1.0
910,1.82,-1.4049639,-8.052874,True,1.0
911,1.822,-1.3650998,-8.043063,True,1.0
912,1.824,-1.3294637,-8.05995,True,1.0
913,1.826,-1.3068566,-8.073524,True,1.0
914,1.828,-1.2765707,-8.072224,True,1.0
915,1.83,-1.2360474,-8.089966,True,1.0
916,1.832,-1.2141987,-8.098632,True,1.0
917,1.834,-1.1748958,-8.097928,True,1.0
918,1.836,-1.1501573,-8.105964,True,1.0
919,1.838,-1.1102009,-8.123629,True,2.0
920,1.84,-1.1009252,-8.114673,True,2.0
921,1.842,-2.1781476,-7.5425043,True,2.0
922,1.844,-2.8980007,-6.2317185,True,2.0
923,1.846,-4.533256,-4.7070155,True,2.0
924,1.848,-4.4139667,-4.1645703,True,3.0
925,1.85,-3.4810534,-4.63086,True,3.0
926,1.852,-3.1699214,-5.3330007,True,3.0
927,1.854,-3.1739588,-5.5096664,True,3.0
928,1.856,-3.3598745,-5.4614983,True,3.0
929,1.858,-3.6136775,-5.2456794,True,1.0
930,1.86,-3.8133223,-4.8706017,True,1.0
931,1.862,-3.9235532,-4.727902,True,1.0
932,1.864,-3.9905138,-4.7675786,True,1.0
933,1.866,-4.041123,-4.8171544,True,1.0
934,1.868,-4.0975523,-4.854071,True,1.0
935,1.87,-4.141594,-4.8938713,True,1.0
936,1.872,-4.1370273,-4.9091973,True,1.0
937,1.874,-4.1310306,-4.918744,True,1.0
938,1.876,-4.116753,-4.9188743,True,1.0
939,1.878,-4.0881143,-4.907553,True,1.0
940,1.88,-4.0363746,-4.8967037,True,1.0
941,1.882,-3.9983075,-4.882117,True,1.0
942,1.884,-3.957058,-4.88451,True,1.0
943,1.886,-3.9347124,-4.8871894,True,1.0
944,1.888,-3.9107702,-4.9023123,True,1.0
945,1.89,-3.8774922,-4.9168763,True,1.0
946,1.892,-3.8723395,-4.904813,True,1.0
947,1.894,-3.8558567,-4.917348,True,1.0
948,1.896,-3.8254783,-4.930482,True,1.0
949,1.898,-3.7952662,-4.944416,True,1.0
950,1.9,-3.7845602,-4.954781,True,1.0
951,1.902,-3.778538,-4.960587,True,1.0
952,1.904,-3.7690835,-4.963381,True,1.0
953,1.906,-3.7563326,-4.9584994,True,1.0
954,1.908,-3.7457376,-4.9739532,True,1.0
955,1.91,-3.6761835,-4.97648,True,1.0
956,1.912,-3.6029112,-4.9678354,True,1.0
957,1.914,-3.5377758,-4.960481,True,1.0
958,1.916,-3.4930205,-4.942141,True,1.0
959,1.918,-3.472469,-4.9283094,True,1.0
960,1.92,-3.473036,-4.9296856,True,1.0
961,1.922,-3.4584465,-4.920885,True,1.0
962,1.924,-3.4481127,-4.8891397,True,1.0
963,1.926,-3.4304612,-4.85582,True,1.0
964,1.928,-3.4108713,-4.850789,True,1.0
965,1.93,-3.409265,-4.8411217,True,1.0
966,1.932,-3.430951,-4.80374,True,1.0
967,1.934,-3.4459171,-4.7785106,True,1.0
968,1.936,-3.397036,-4.782538,True,1.0
969,1.938,-3.3738847,-4.7633214,True,1.0
970,1.94,-3.337921,-4.7549124,True,1.0
971,1.942,-3.3065252,-4.76314,True,1.0
972,1.944,-3.3220048,-4.7445097,True,1.0
973,1.946,-3.3397431,-4.763235,True,1.0
974,1.948,-3.3558564,-4.743719,True,1.0
975,1.95,-3.3744514,-4.7192163,True,1.0
976,1.952,-3.4344594,-4.7160106,True,1.0
977,1.954,-3.5213444,-4.7140927,True,1.0
978,1.956,-3.5907934,-4.703282,True,1.0
979,1.958,-3.6735358,-4.691626,True,1.0
980,1.96,-3.720362,-4.668009,True,1.0
981,1.962,-3.772025,-4.6698475,True,1.0
982,1.964,-3.8271866,-4.6771507,True,1.0
983,1.966,-3.8552995,-4.687796,True,1.0
984,1.968,-3.8958578,-4.709297,True,1.0
985,1.97,-3.9030302,-4.74919,True,1.0
986,1.972,-3.9149253,-4.7602243,True,1.0
987,1.974,-3.9357955,-4.7690854,True,1.0
988,1.976,-3.9426744,-4.767585,True,1.0
989,1.978,-3.9487283,-4.744895,True,1.0
990,1.98,-3.942474,-4.7663546,True,1.0
991,1.982,-3.8760746,-4.80164,True,1.0
992,1.984,-3.8220758,-4.8054476,True,1.0
993,1.986,-3.8010304,-4.799212,True,1.0
994,1.988,-3.8534956,-4.781098,True,1.0
995,1.99,-3.8874593,-4.762585,True,1.0
996,1.992,-3.9164197,-4.7425404,True,1.0
997,1.994,-3.9037797,-4.732229,True,1.0
998,1.996,-3.8508518,-4.7269397,True,1.0
999,1.998,-3.7185583,-4.757347,True,1.0
1000,2.0,-3.571959,-4.756171,True,1.0
1001,2.002,-3.5095649,-4.7516756,True,1.0
1002,2.004,-3.3774853,-4.7374644,True,1.0
1003,2.006,-3.3229733,-4.709214,True,1.0
1004,2.008,-3.2102444,-4.7047377,True,1.0
1005,2.01,-3.192895,-4.7004843,True,1.0
1006,2.012,-3.200501,-4.7316713,True,1.0
1007,2.014,-3.2205458,-4.747157,True,1.0
1008,2.016,-3.2610602,-4.7743554,True,1.0
1009,2.018,-3.2908134,-4.7976065,True,1.0
1010,2.02,-3.3284187,-4.829189,True,1.0
1011,2.022,-3.3474064,-4.84405,True,1.0
1012,2.024,-3.3564262,-4.8488803,True,1.0
1013,2.026,-3.3658323,-4.8428745,True,1.0
1014,2.028,-3.3919127,-4.8500977,True,1.0
1015,2.03,-3.3978004,-4.848221,True,1.0
1016,2.032,-3.3997064,-4.8489985,True,1.0
1017,2.034,-3.382398,-4.8527994,True,1.0
1018,2.036,-3.3662534,-4.872319,True,1.0
1019,2.038,-3.349955,-4.8823943,True,1.0
1020,2.04,-3.320373,-4.8466563,True,1.0
1021,2.042,-3.2992198,-4.83574,True,1.0
1022,2.044,-3.2386127,-4.816606,True,1.0
1023,2.046,-3.23491,-4.800114,True,1.0
1024,2.048,-3.2216835,-4.776156,True,1.0
1025,2.05,-3.1912158,-4.771539,True,1.0
1026,2.052,-3.169122,-4.776589,True,1.0
1027,2.054,-3.181208,-4.756108,True,1.0
1028,2.056,-3.152011,-4.7562766,True,1.0
1029,2.058,-3.1287892,-4.75576,True,1.0
1030,2.06,-3.1852636,-4.732274,True,1.0
1031,2.062,-3.177432,-4.7334466,True,1.0
1032,2.064,-3.1832314,-4.718684,True,1.0
1033,2.066,-3.1828384,-4.7263474,True,1.0
1034,2.068,-3.1845024,-4.7369447,True,1.0
1035,2.07,-3.2379622,-4.72795,True,1.0
1036,2.072,-3.2670348,-4.7082458,True,1.0
1037,2.074,-3.3002903,-4.6972213,True,1.0
1038,2.076,-3.4226673,-4.6756372,True,1.0
1039,2.078,-3.4348319,-4.693509,True,1.0
1040,2.08,-3.5013947,-4.692031,True,1.0
1041,2.082,-3.5505626,-4.695657,True,1.0
1042,2.084,-3.5725162,-4.6783485,True,1.0
1043,2.086,-3.602248,-4.656924,True,1.0
1044,2.088,-3.6047685,-4.654308,True,1.0
1045,2.09,-3.6191928,-4.6616235,True,1.0
1046,2.092,-3.6057146,-4.6701245,True,2.0
1047,2.094,-3.5379226,-4.696485,True,2.0
1048,2.096,-3.5508652,-3.8372645,True,2.0
1049,2.098,-4.2443013,-1.504374,True,2.0
1050,2.1,-4.206958,1.4724982,True,2.0
1051,2.102,-5.29553,3.9178433,True,2.0
1052,2.104,-5.9203925,4.737965,True,2.0
1053,2.106,-5.564825,4.967721,True,2.0
1054,2.108,-4.3332896,6.030359,True,2.0
1055,2.11,-3.3138387,6.8330126,True,2.0
1056,2.112,-3.2282822,7.300206,True,3.0
1057,2.114,-3.6520498,7.187127,True,3.0
1058,2.116,-3.9223018,6.57672,True,3.0
1059,2.118,-3.926807,6.4402165,True,3.0
1060,2.12,-3.7546115,6.7476196,True,3.0
1061,2.122,-3.4590006,7.095614,True,3.0
1062,2.124,-3.374369,7.203576,True,1.0
1063,2.126,-3.420599,7.1449957,True,1.0
1064,2.128,-3.5318491,7.0317297,True,1.0
1065,2.13,-3.6478024,6.9858994,True,1.0
1066,2.132,-3.6827695,6.9375267,True,1.0
1067,2.134,-3.7203076,6.91572,True,1.0
1068,2.136,-3.769804,6.8911943,True,1.0
1069,2.138,-3.7840662,6.849617,True,1.0
1070,2.14,-3.795661,6.8320637,True,1.0
1071,2.142,-3.7822974,6.7963867,True,1.0
1072,2.144,-3.7506063,6.792719,True,1.0
1073,2.146,-3.710959,6.7580376,True,1.0
1074,2.148,-3.6618798,6.723928,True,1.0
1075,2.15,-3.6337574,6.700859,True,1.0
1076,2.152,-3.6099494,6.6763062,True,1.0
1077,2.154,-3.60221,6.6569114,True,1.0
1078,2.156,-3.5924785,6.633475,True,1.0
1079,2.158,-3.583513,6.617368,True,1.0
1080,2.16,-3.5746644,6.5971384,True,1.0
1081,2.162,-3.5624735,6.5826306,True,1.0
1082,2.164,-3.5593987,6.576763,True,1.0
1083,2.166,-3.5497634,6.5385985,True,1.0
1084,2.168,-3.544598,6.5114555,True,1.0
1085,2.17,-3.5357785,6.4928656,True,1.0
1086,2.172,-3.5311897,6.4655275,True,1.0
1087,2.174,-3.540376,6.449707,True,1.0
1088,2.176,-3.5339775,6.441216,True,1.0
1089,2.178,-3.5153155,6.447879,True,1.0
1090,2.18,-3.4953184,6.401498,True,1.0
1091,2.182,-3.4932978,6.386109,True,1.0
1092,2.184,-3.4819324,6.3831334,True,1.0
1093,2.186,-3.4683745,6.375362,True,1.0
1094,2.188,-3.4683433,6.3803835,True,1.0
1095,2.19,-3.4652016,6.377044,True,1.0
1096,2.192,-3.4577074,6.3648486,True,1.0
1097,2.194,-3.4606857,6.354954,True,1.0
1098,2.196,-3.4579651,6.362995,True,1.0
1099,2.198,-3.4603999,6.340117,True,1.0
1100,2.2,-3.4557061,6.337939,True,1.0
1101,2.202,-3.4660456,6.3575945,True,1.0
1102,2.204,-3.4604185,6.3608227,True,1.0
1103,2.206,-3.4467719,6.3721495,True,1.0
1104,2.208,-3.4373019,6.376206,True,1.0
1105,2.21,-3.3918836,6.3646717,True,1.0
1106,2.212,-3.3735821,6.364094,True,1.0
1107,2.214,-3.356267,6.3712196,True,1.0
1108,2.216,-3.3146253,6.3476043,True,1.0
1109,2.218,-3.272164,6.341515,True,1.0
1110,2.22,-3.2606714,6.339292,True,1.0
1111,2.222,-3.2638228,6.350488,True,1.0
1112,2.224,-3.220715,6.316834,True,1.0
1113,2.226,-3.1790054,6.2938232,True,1.0
1114,2.228,-3.147675,6.2732806,True,1.0
1115,2.23,-3.101718,6.238786,True,1.0
1116,2.232,-3.0643268,6.1613297,True,1.0
1117,2.234,-3.0307083,6.1458473,True,1.0
1118,2.236,-2.991908,6.1350617,True,1.0
1119,2.238,-2.9681983,6.143078,True,1.0
1120,2.24,-2.9361825,6.1640253,True,1.0
1121,2.242,-2.9150546,6.158665,True,1.0
1122,2.244,-2.888799,6.1578097,True,1.0
1123,2.246,-2.8584878,6.149562,True,1.0
1124,2.248,-2.819735,6.1518917,True,1.0
1125,2.25,-2.7796094,6.16695,True,1.0
1126,2.252,-2.7639074,6.1728234,True,1.0
1127,2.254,-2.7610943,6.181738,True,1.0
1128,2.256,-2.7483552,6.2072635,True,1.0
1129,2.258,-2.736308,6.2097273,True,1.0
1130,2.26,-2.7264082,6.2001414,True,1.0
1131,2.262,-2.7246618,6.2042994,True,1.0
1132,2.264,-2.7332013,6.197032,True,1.0
1133,2.266,-2.7579808,6.205515,True,1.0
1134,2.268,-2.7818751,6.216532,True,1.0
1135,2.27,-2.8086665,6.229772,True,1.0
1136,2.272,-2.8359566,6.2432475,True,1.0
1137,2.274,-2.857461,6.2227693,True,1.0
1138,2.276,-2.8697383,6.2366548,True,1.0
1139,2.278,-2.880062,6.2589555,True,1.0
1140,2.28,-2.881999,6.2749376,True,1.0
1141,2.282,-2.880699,6.288193,True,1.0
1142,2.284,-2.8783185,6.272427,True,1.0
1143,2.286,-2.8806708,6.259041,True,1.0
1144,2.288,-2.8609216,6.2591615,True,1.0
1145,2.29,-2.8378682,6.2718377,True,1.0
1146,2.292,-2.8066683,6.264646,True,1.0
1147,2.294,-2.7773535,6.2564154,True,1.0
1148,2.296,-2.7571814,6.2573338,True,1.0
1149,2.298,-2.7399216,6.2615924,True,1.0
1150,2.3,-2.7346444,6.2841344,True,1.0
1151,2.302,-2.7557259,6.284191,True,1.0
1152,2.304,-2.8040972,6.2914624,True,1.0
1153,2.306,-2.868763,6.290904,True,1.0
1154,2.308,-2.930562,6.315774,True,1.0
1155,2.31,-2.969802,6.3420577,True,1.0
1156,2.312,-3.0199704,6.378789,True,1.0
1157,2.314,-3.0200908,6.3632636,True,1.0
1158,2.316,-3.0001764,6.352433,True,1.0
1159,2.318,-2.9400856,6.333598,True,1.0
1160,2.32,-2.8885317,6.3211107,True,1.0
1161,2.322,-2.8233387,6.306307,True,1.0
1162,2.324,-2.7903156,6.305463,True,1.0
1163,2.326,-2.799531,6.288952,True,1.0
1164,2.328,-2.8336122,6.279922,True,1.0
1165,2.33,-2.8860648,6.2746615,True,1.0
1166,2.332,-2.952471,6.264969,True,1.0
1167,2.334,-3.0158784,6.294549,True,1.0
1168,2.336,-3.0826864,6.3010464,True,1.0
1169,2.338,-3.1116023,6.325222,True,1.0
1170,2.34,-3.1597385,6.34959,True,2.0
1171,2.342,-3.111086,6.3287554,True,2.0
1172,2.344,-2.072412,6.3212795,True,2.0
1173,2.346,1.129777,6.114379,True,2.0
1174,2.348,4.6367416,5.1452503,True,2.0
1175,2.35,7.1916585,4.4656715,True,2.0
1176,2.352,8.448239,4.314216,True,2.0
1177,2.354,9.482226,4.156172,True,2.0
1178,2.356,10.966232,3.5955055,True,2.0
1179,2.358,11.636202,3.459871,True,2.0
1180,2.36,12.25183,3.6459744,True,3.0
1181,2.362,12.174218,3.8198771,True,3.0
1182,2.364,11.499153,3.710013,True,3.0
1183,2.366,11.362289,3.55242,True,3.0
1184,2.368,11.469174,3.5193365,True,3.0
1185,2.37,11.632899,3.5411246,True,1.0
1186,2.372,11.576489,3.5243325,True,1.0
1187,2.374,11.456647,3.5613513,True,1.0
1188,2.376,11.311397,3.569142,True,1.0
1189,2.378,11.218641,3.586788,True,1.0
1190,2.38,11.170138,3.6309443,True,1.0
1191,2.382,11.143751,3.65891,True,1.0
1192,2.384,11.126224,3.6817534,True,1.0
1193,2.386,11.120836,3.6699448,True,1.0
1194,2.388,11.140156,3.6708558,True,1.0
1195,2.39,11.146878,3.6666114,True,1.0
1196,2.392,11.152071,3.662151,True,1.0
1197,2.394,11.148682,3.6592262,True,1.0
1198,2.396,11.152355,3.6653054,True,1.0
1199,2.398,11.164607,3.657856,True,1.0
1200,2.4,11.212593,3.6492114,True,1.0
1201,2.402,11.243732,3.6277323,True,1.0
1202,2.404,11.240314,3.6105258,True,1.0
1203,2.406,11.238708,3.5894036,True,1.0
1204,2.408,11.219487,3.584073,True,1.0
1205,2.41,11.194615,3.5548868,True,1.0
1206,2.412,11.170294,3.552557,True,1.0
1207,2.414,11.165711,3.5237725,True,1.0
1208,2.416,11.126896,3.5039852,True,1.0
1209,2.418,11.077648,3.5019014,True,1.0
1210,2.42,11.022837,3.4979312,True,1.0
1211,2.422,10.972337,3.5009263,True,1.0
1212,2.424,10.923778,3.512123,True,1.0
1213,2.426,10.862371,3.537101,True,1.0
1214,2.428,10.793686,3.5454295,True,1.0
1215,2.43,10.724462,3.5595515,True,1.0
1216,2.432,10.666701,3.5749443,True,1.0
1217,2.434,10.607596,3.6111221,True,1.0
1218,2.436,10.56822,3.6098862,True,1.0
1219,2.438,10.512864,3.6120496,True,1.0
1220,2.44,10.489532,3.5992725,True,1.0
1221,2.442,10.450766,3.5792239,True,1.0
1222,2.444,10.3777,3.6134732,True,2.0
1223,2.446,11.295497,3.1979485,True,2.0
1224,2.448,12.589233,1.0136068,True,2.0
1225,2.45,12.804167,-1.3129108,True,2.0
1226,2.452,12.231885,-2.1278927,True,2.0
1227,2.454,11.44195,-1.1837853,True,3.0
1228,2.456,11.21662,-0.28922227,True,3.0
1229,2.458,11.4504385,-0.21346158,True,3.0
1230,2.46,11.577543,-0.30216184,True,3.0
1231,2.462,11.644722,-0.46588773,True,3.0
1232,2.464,11.679761,-0.5585719,True,1.0
1233,2.466,11.7582655,-0.61056936,True,1.0
1234,2.468,11.818826,-0.687704,True,1.0
1235,2.47,11.8564205,-0.7541833,True,1.0
1236,2.472,11.885528,-0.781312,True,1.0
1237,2.474,11.889721,-0.77144027,True,1.0
1238,2.476,11.865569,-0.753702,True,1.0
1239,2.478,11.849499,-0.7317163,True,1.0
1240,2.48,11.863694,-0.7233557,True,1.0
1241,2.482,11.887191,-0.6999707,True,1.0
1242,2.484,11.895232,-0.66497254,True,1.0
1243,2.486,11.902597,-0.6218141,True,1.0
1244,2.488,11.9004755,-0.5920599,True,1.0
1245,2.49,11.894094,-0.56709874,True,1.0
1246,2.492,11.909875,-0.57063824,True,1.0
1247,2.494,11.906041,-0.5449565,True,1.0
1248,2.496,11.897876,-0.5495831,True,1.0
1249,2.498,11.895956,-0.54005957,True,1.0
1250,2.5,11.877634,-0.5235027,True,1.0
1251,2.502,11.878639,-0.50602305,True,1.0
1252,2.504,11.871464,-0.48192143,True,1.0
1253,2.506,11.862201,-0.47232103,True,1.0
1254,2.508,11.843443,-0.45985016,True,1.0
1255,2.51,11.81213,-0.45879802,True,1.0
1256,2.512,11.79186,-0.462039,True,1.0
1257,2.514,11.768361,-0.47124752,True,1.0
1258,2.516,11.74158,-0.47669873,True,1.0
1259,2.518,11.730646,-0.47081384,True,1.0
1260,2.52,11.701285,-0.46928427,True,1.0
1261,2.522,11.675387,-0.4534071,True,1.0
1262,2.524,11.658338,-0.48540452,True,1.0
1263,2.526,11.640978,-0.4965053,True,1.0
1264,2.528,11.614129,-0.48962566,True,1.0
1265,2.53,11.580301,-0.49313793,True,1.0
1266,2.532,11.583481,-0.4889479,True,1.0
1267,2.534,11.5577965,-0.48112795,True,1.0
1268,2.536,11.537843,-0.47440195,True,1.0
1269,2.538,11.529383,-0.46553084,True,1.0
1270,2.54,11.503226,-0.43696597,True,2.0
1271,2.542,11.576853,-1.2970268,True,2.0
1272,2.544,11.690531,-3.3156385,True,2.0
1273,2.546,12.381565,-5.445363,True,2.0
1274,2.548,11.81715,-6.281301,True,2.0
1275,2.55,11.311063,-5.403358,True,2.0
1276,2.552,11.326885,-5.010864,True,2.0
1277,2.554,11.346214,-4.917925,True,3.0
1278,2.556,11.379021,-4.8939385,True,3.0
1279,2.558,11.377438,-4.795943,True,3.0
1280,2.56,11.406378,-4.7325287,True,1.0
1281,2.562,11.442195,-4.8232083,True,1.0
1282,2.564,11.413774,-4.95885,True,1.0
1283,2.566,11.374849,-4.841144,True,1.0
1284,2.568,10.796879,-4.7236295,False,0.0
1285,2.57,10.343081,-3.9474323,False,0.0
1286,2.572,10.748201,-1.9508761,False,0.0
1287,2.574,10.80835,1.3130352,False,0.0
1288,2.576,24.318674,8.287726,False,0.0
1289,2.578,,,False,0.0
1290,2.58,,,False,0.0
1291,2.582,,,False,0.0
1292,2.584,,,False,0.0
1293,2.586,,,False,0.0
1294,2.588,,,False,0.0
1295,2.59,,,False,0.0
1296,2.592,,,False,0.0
1297,2.594,,,False,0.0
1298,2.596,,,False,0.0
1299,2.598,,,False,0.0
1300,2.6,,,False,0.0
1301,2.602,,,False,0.0
1302,2.604,,,False,0.0
1303,2.606,24.945522,10.356059,False,0.0
1304,2.608,24.93468,6.357365,False,0.0
1305,2.61,7.9529257,1.3075072,False,0.0
1306,2.612,7.8703036,-0.36300126,False,0.0
1307,2.614,7.8537674,-2.0384972,False,0.0
1308,2.616,7.9169474,-3.380913,False,0.0
1309,2.618,8.192765,-4.6992793,False,0.0
1310,2.62,8.866156,-5.4417467,False,0.0
1311,2.622,8.802204,-5.9500127,False,0.0
1312,2.624,8.672334,-6.31095,False,0.0
1313,2.626,8.577669,-6.5817904,False,0.0
1314,2.628,8.505761,-6.7845993,False,0.0
1315,2.63,8.449529,-6.8323593,False,0.0
1316,2.632,8.402289,-6.6203194,False,0.0
1317,2.634,8.355236,-6.447506,True,0.0
1318,2.636,8.334701,-6.3428254,True,1.0
1319,2.638,8.294399,-6.164073,True,1.0
1320,2.64,8.194416,-6.0476894,True,1.0
1321,2.642,8.157378,-6.0273547,True,1.0
1322,2.644,8.1358,-6.037034,True,1.0
1323,2.646,8.163541,-6.0722656,True,1.0
1324,2.648,8.221198,-6.082344,True,1.0
1325,2.65,8.280008,-6.107784,True,1.0
1326,2.652,8.333892,-6.115045,True,1.0
1327,2.654,8.409285,-6.1278257,True,1.0
1328,2.656,8.44722,-6.150525,True,1.0
1329,2.658,8.486936,-6.1498876,True,1.0
1330,2.66,8.501648,-6.157777,True,1.0
1331,2.662,8.526321,-6.1346726,True,1.0
1332,2.664,8.537497,-6.107573,True,1.0
1333,2.666,8.544666,-6.1048584,True,1.0
1334,2.668,8.535744,-6.1285133,True,1.0
1335,2.67,8.502988,-6.134418,True,1.0
1336,2.672,8.457317,-6.1276026,True,1.0
1337,2.674,8.414075,-6.129613,True,1.0
1338,2.676,8.355734,-6.084826,True,1.0
1339,2.678,8.276152,-6.0700064,True,2.0
1340,2.68,8.197947,-6.027644,True,2.0
1341,2.682,8.045987,-5.0656686,True,2.0
1342,2.684,6.0672083,-3.291926,True,2.0
1343,2.686,4.0440574,-0.6812989,True,2.0
1344,2.688,2.5214162,1.2316725,True,2.0
1345,2.69,1.9277635,2.7997632,True,2.0
1346,2.692,2.456842,4.1619577,True,2.0
1347,2.694,3.222547,5.446879,True,2.0
1348,2.696,4.2606473,6.9186254,True,2.0
1349,2.698,4.353561,7.4455957,True,3.0
1350,2.7,4.07363,6.6940193,True,3.0
1351,2.702,3.1378384,5.344407,True,3.0
1352,2.704,3.0170288,5.153416,True,3.0
1353,2.706,3.157572,5.7487707,True,3.0
1354,2.708,3.4043486,6.6462073,True,3.0
1355,2.71,3.5105624,6.885249,True,1.0
1356,2.712,3.5511928,6.66984,True,1.0
1357,2.714,3.615837,6.290478,True,1.0
1358,2.716,3.6916308,6.1153417,True,1.0
1359,2.718,3.7391865,6.061656,True,1.0
1360,2.72,3.73638,6.032953,True,1.0
1361,2.722,3.6971502,5.9582367,True,1.0
1362,2.724,3.6603415,5.8828454,True,1.0
1363,2.726,3.632605,5.8029346,True,1.0
1364,2.728,3.6053762,5.7730765,True,1.0
1365,2.73,3.5972936,5.7402,True,1.0
1366,2.732,3.6031027,5.707812,True,1.0
1367,2.734,3.607113,5.6873603,True,1.0
1368,2.736,3.585905,5.66738,True,1.0
1369,2.738,3.5847654,5.6662073,True,1.0
1370,2.74,3.5565915,5.6803007,True,1.0
1371,2.742,3.531286,5.691561,True,1.0
1372,2.744,3.5150704,5.7173004,True,1.0
1373,2.746,3.5180206,5.720132,True,1.0
1374,2.748,3.5428925,5.6928854,True,1.0
1375,2.75,3.5715253,5.678809,True,1.0
1376,2.752,3.602704,5.644935,True,1.0
1377,2.754,3.6498358,5.597481,True,1.0
1378,2.756,3.6973467,5.544639,True,1.0
1379,2.758,3.7557755,5.474608,True,1.0
1380,2.76,3.822207,5.415967,True,1.0
1381,2.762,3.8856068,5.381325,True,1.0
1382,2.764,3.9320266,5.3612604,True,1.0
1383,2.766,3.936035,5.3623943,True,1.0
1384,2.768,3.9224312,5.382861,True,1.0
1385,2.77,3.9134502,5.382544,True,1.0
1386,2.772,3.9111533,5.382332,True,1.0
1387,2.774,3.9260426,5.363363,True,1.0
1388,2.776,3.9476335,5.3070536,True,1.0
1389,2.778,3.9500198,5.288761,True,1.0
1390,2.78,3.9037924,5.296781,True,1.0
1391,2.782,3.8923628,5.3051596,True,1.0
1392,2.784,3.8929424,5.295589,True,1.0
1393,2.786,3.8968554,5.282849,True,1.0
1394,2.788,3.9006748,5.2540116,True,1.0
1395,2.79,3.8937943,5.238763,True,1.0
1396,2.792,3.909833,5.2421484,True,1.0
1397,2.794,3.9221842,5.2384243,True,1.0
1398,2.796,3.9366806,5.244204,True,2.0
1399,2.798,3.8518066,5.329693,True,2.0
1400,2.8,4.2811065,4.549637,True,2.0
1401,2.802,5.7833138,2.0541291,True,2.0
1402,2.804,7.0673895,-1.4876907,True,2.0
1403,2.806,7.1992393,-4.0088987,True,2.0
1404,2.808,7.215904,-4.6717944,True,2.0
1405,2.81,7.182244,-4.6858044,True,2.0
1406,2.812,7.2826953,-4.6639147,True,2.0
1407,2.814,7.524101,-5.584194,True,2.0
1408,2.816,8.304007,-6.5701346,True,3.0
1409,2.818,8.261632,-6.5915146,True,3.0
1410,2.82,7.9185033,-5.703774,True,3.0
1411,2.822,7.555954,-5.290094,True,3.0
1412,2.824,7.5248356,-5.674912,True,3.0
1413,2.826,7.7177205,-6.2990966,True,3.0
1414,2.828,7.857262,-6.410573,True,3.0
1415,2.83,7.942955,-6.3387823,True,1.0
1416,2.832,7.9760103,-6.158073,True,1.0
1417,2.834,7.997463,-5.985633,True,1.0
1418,2.836,8.004684,-5.9130645,True,1.0
1419,2.838,8.019347,-5.878384,True,1.0
1420,2.84,8.039892,-5.8674808,True,1.0
1421,2.842,8.056508,-5.8796744,True,1.0
1422,2.844,8.057053,-5.8925123,True,1.0
1423,2.846,8.030983,-5.8883576,True,1.0
1424,2.848,8.015696,-5.8617897,True,1.0
1425,2.85,8.021236,-5.8211484,True,1.0
1426,2.852,7.970357,-5.7477865,True,1.0
1427,2.854,8.010544,-5.728347,True,1.0
1428,2.856,8.039095,-5.7221847,True,1.0
1429,2.858,7.9965706,-5.695043,True,1.0
1430,2.86,7.971784,-5.64209,True,1.0
1431,2.862,7.9454207,-5.6036024,True,1.0
1432,2.864,7.933081,-5.563247,True,1.0
1433,2.866,7.9399014,-5.554294,True,1.0
1434,2.868,7.9435034,-5.5485716,True,1.0
1435,2.87,7.97356,-5.5289593,True,1.0
1436,2.872,7.998906,-5.5156503,True,1.0
1437,2.874,8.000386,-5.494031,True,1.0
1438,2.876,7.9997635,-5.4644876,True,1.0
1439,2.878,7.9825234,-5.454814,True,1.0
1440,2.88,7.989326,-5.4562287,True,1.0
1441,2.882,7.993369,-5.44941,True,2.0
1442,2.884,7.9957595,-5.476073,True,2.0
1443,2.886,8.003152,-6.555481,True,2.0
1444,2.888,8.041724,-8.323771,True,2.0
1445,2.89,7.9765587,-8.756318,True,2.0
1446,2.892,7.4973483,-8.36937,True,2.0
1447,2.894,7.4620175,-7.583194,True,3.0
1448,2.896,7.689321,-7.5617146,True,3.0
1449,2.898,7.7538524,-7.8392305,True,3.0
1450,2.9,7.7924776,-7.921565,True,1.0
1451,2.902,7.8352532,-7.892506,True,1.0
1452,2.904,7.8742285,-7.8984165,True,1.0
1453,2.906,7.933737,-7.979422,True,1.0
1454,2.908,7.9639835,-8.046549,True,1.0
1455,2.91,7.9751177,-8.06769,True,1.0
1456,2.912,7.992741,-8.079766,True,1.0
1457,2.914,8.001026,-8.04891,True,1.0
1458,2.916,7.947138,-8.060779,True,1.0
1459,2.918,7.923949,-8.049656,True,1.0
1460,2.92,7.9239893,-8.054865,True,1.0
1461,2.922,7.952368,-8.053843,True,1.0
1462,2.924,7.978616,-8.037792,True,1.0
1463,2.926,7.997539,-8.007669,True,1.0
1464,2.928,8.007778,-7.9844823,True,1.0
1465,2.93,7.996833,-7.967279,True,1.0
1466,2.932,7.9601507,-7.9291105,True,1.0
1467,2.934,7.9286413,-7.8942456,True,1.0
1468,2.936,7.9072275,-7.8846736,True,1.0
1469,2.938,7.879997,-7.8674707,True,1.0
1470,2.94,7.8321824,-7.8754716,True,1.0
1471,2.942,7.7951226,-7.885885,True,1.0
1472,2.944,7.749794,-7.8634725,True,1.0
1473,2.946,7.7250896,-7.8585587,True,1.0
1474,2.948,7.6931696,-7.8376627,True,1.0
1475,2.95,7.6790605,-7.8249526,True,1.0
1476,2.952,7.6683135,-7.847435,True,1.0
1477,2.954,7.6750073,-7.8447623,True,1.0
1478,2.956,7.667232,-7.847279,True,1.0
1479,2.958,7.6583366,-7.8495193,True,1.0
1480,2.96,7.6482844,-7.8368125,True,1.0
1481,2.962,7.648574,-7.8557997,True,1.0
1482,2.964,7.660962,-7.856242,True,1.0
1483,2.966,7.675461,-7.840371,True,1.0
1484,2.968,7.6961102,-7.848809,True,1.0
1485,2.97,7.713308,-7.8401036,True,1.0
1486,2.972,7.732155,-7.8529415,True,1.0
1487,2.974,7.755978,-7.8778043,True,1.0
1488,2.976,7.7878356,-7.908227,True,1.0
1489,2.978,7.8198795,-7.920364,True,1.0
1490,2.98,7.846352,-7.902744,True,1.0
1491,2.982,7.8836255,-7.884706,True,1.0
1492,2.984,7.90277,-7.898939,True,1.0
1493,2.986,7.922626,-7.898318,True,1.0
1494,2.988,7.931829,-7.9022307,True,1.0
1495,2.99,7.9088163,-7.898337,True,1.0
1496,2.992,7.9086547,-7.8960905,True,1.0
1497,2.994,7.8999324,-7.9020042,True,1.0
1498,2.996,7.8545065,-7.8968554,True,1.0
1499,2.998,7.8133802,-7.878741,True,1.0
1500,3.0,7.7793117,-7.887134,True,1.0
1501,3.002,7.739496,-7.881328,True,1.0
1502,3.004,7.7111416,-7.867101,True,1.0
1503,3.006,7.6836576,-7.851479,True,1.0
1504,3.008,7.633691,-7.8460364,True,1.0
1505,3.01,7.5950246,-7.859846,True,1.0
1506,3.012,7.560911,-7.8710814,True,1.0
1507,3.014,7.5276012,-7.896355,True,1.0
1508,3.016,7.5142074,-7.8757586,True,1.0
1509,3.018,7.501994,-7.8842154,True,1.0
1510,3.02,7.4989214,-7.892592,True,1.0
1511,3.022,7.5085793,-7.8714666,True,1.0
1512,3.024,7.5438304,-7.8972983,True,1.0
1513,3.026,7.5962634,-7.8934393,True,1.0
1514,3.028,7.6574597,-7.8761153,True,1.0
1515,3.03,7.695132,-7.8554997,True,1.0
1516,3.032,7.7251635,-7.765623,True,1.0
1517,3.034,7.756007,-7.792675,True,1.0
1518,3.036,7.7983665,-7.7943068,True,1.0
1519,3.038,7.8380613,-7.706807,True,1.0
1520,3.04,7.801647,-7.5939665,True,1.0
1521,3.042,7.852132,-7.361942,False,0.0
1522,3.044,9.890343,-5.8245416,False,0.0
1523,3.046,11.885898,-4.702963,False,0.0
1524,3.048,12.025649,-4.478901,False,0.0
1525,3.05,11.714345,-4.6553974,False,0.0
1526,3.052,11.066158,-4.4844832,False,0.0
1527,3.054,11.025581,-3.6124415,False,0.0
1528,3.056,11.592137,-3.3675408,False,0.0
1529,3.058,12.381966,-2.8501427,False,0.0
1530,3.06,12.127034,-0.82503444,False,0.0
1531,3.062,12.023125,1.939434,False,0.0
1532,3.064,12.240521,5.873987,False,0.0
1533,3.066,13.72008,12.095446,False,0.0
1534,3.068,,,False,0.0
1535,3.07,,,False,0.0
1536,3.072,,,False,0.0
1537,3.074,,,False,0.0
1538,3.076,,,False,0.0
1539,3.078,,,False,0.0
1540,3.08,,,False,0.0
1541,3.082,,,False,0.0
1542,3.084,,,False,0.0
1543,3.086,,,False,0.0
1544,3.088,,,False,0.0
1545,3.09,,,False,0.0
1546,3.092,,,False,0.0
1547,3.094,,,False,0.0
1548,3.096,,,False,0.0
1549,3.098,,,False,0.0
1550,3.1,,,False,0.0
1551,3.102,,,False,0.0
1552,3.104,,,False,0.0
1553,3.106,,,False,0.0
1554,3.108,,,False,0.0
1555,3.11,,,False,0.0
1556,3.112,,,False,0.0
1557,3.114,,,False,0.0
1558,3.116,,,False,0.0
1559,3.118,,,False,0.0
1560,3.12,-21.45277,70.01463,False,0.0
1561,3.122,3.6544313,28.39997,False,0.0
1562,3.124,3.9987247,26.902628,False,0.0
1563,3.126,4.0481806,26.305683,False,0.0
1564,3.128,14.086957,-25.452887,False,0.0
1565,3.13,5.6272902,20.06034,False,0.0
1566,3.132,5.9326725,20.182787,False,0.0
1567,3.134,6.1128774,20.238672,False,0.0
1568,3.136,6.456395,19.485933,False,0.0
1569,3.138,6.660686,17.971045,False,0.0
1570,3.14,6.6339784,16.97718,False,0.0
1571,3.142,6.578834,15.816235,False,0.0
1572,3.144,6.5408196,14.798239,False,0.0
1573,3.146,6.5828347,14.1946,False,0.0
1574,3.148,6.708858,13.556262,False,0.0
1575,3.15,6.854895,13.097046,False,0.0
1576,3.152,7.069173,12.576568,False,0.0
1577,3.154,7.22246,12.075766,False,0.0
1578,3.156,7.354345,11.58754,False,0.0
1579,3.158,7.467187,11.285897,False,0.0
1580,3.16,7.5433364,11.085324,False,0.0
1581,3.162,7.605371,10.961946,False,0.0
1582,3.164,7.6592293,10.914239,False,0.0
1583,3.166,7.6888175,10.851104,True,0.0
1584,3.168,7.707444,10.820745,True,1.0
1585,3.17,7.70942,10.803221,True,1.0
1586,3.172,7.7070203,10.801566,True,1.0
1587,3.174,7.710089,10.787295,True,1.0
1588,3.176,7.6897373,10.838031,True,1.0
1589,3.178,7.6873,10.879995,True,1.0
1590,3.18,7.6921973,10.904456,True,1.0
1591,3.182,7.717857,10.899964,True,1.0
1592,3.184,7.7311125,10.888082,True,1.0
1593,3.186,7.751976,10.866526,True,1.0
1594,3.188,7.7600446,10.896162,True,1.0
1595,3.19,7.762087,10.920433,True,1.0
1596,3.192,7.757291,10.906673,True,1.0
1597,3.194,7.7556944,10.917154,True,1.0
1598,3.196,7.778594,10.925738,True,1.0
1599,3.198,7.8116593,10.976349,True,1.0
1600,3.2,7.8396287,10.990707,True,1.0
1601,3.202,7.8401074,10.910705,True,1.0
1602,3.204,7.8538237,10.905182,True,2.0
1603,3.206,7.7432323,10.7824,True,2.0
1604,3.208,6.222182,10.699672,True,2.0
1605,3.21,3.6327372,10.296555,True,2.0
1606,3.212,1.0292203,10.3743925,True,2.0
1607,3.214,0.11338435,10.50664,True,2.0
1608,3.216,0.08736908,10.424019,True,2.0
1609,3.218,0.8942179,9.917531,True,2.0
1610,3.22,1.2552831,9.552636,True,2.0
1611,3.222,1.4070418,9.620685,True,3.0
1612,3.224,1.2679144,9.778719,True,3.0
1613,3.226,0.6327816,9.885926,True,3.0
1614,3.228,0.44031098,9.89869,True,1.0
1615,3.23,0.37097776,9.889361,True,1.0
1616,3.232,0.39984602,9.850861,True,1.0
1617,3.234,0.44106945,9.823663,True,1.0
1618,3.236,0.503841,9.82566,True,1.0
1619,3.238,0.57493424,9.823987,True,1.0
1620,3.24,0.62592435,9.836749,True,1.0
1621,3.242,0.66957676,9.8541355,True,1.0
1622,3.244,0.6923268,9.836525,True,1.0
1623,3.246,0.7026963,9.838501,True,1.0
1624,3.248,0.7093902,9.850341,True,1.0
1625,3.25,0.72237355,9.876775,True,1.0
1626,3.252,0.7445829,9.8988285,True,1.0
1627,3.254,0.768986,9.892509,True,1.0
1628,3.256,0.7967846,9.882816,True,1.0
1629,3.258,0.8074011,9.865572,True,1.0
1630,3.26,0.82613325,9.862455,True,1.0
1631,3.262,0.8204934,9.866322,True,1.0
1632,3.264,0.82999164,9.888721,True,1.0
1633,3.266,0.84036314,9.854544,True,1.0
1634,3.268,0.87145233,9.822943,True,1.0
1635,3.27,0.91031677,9.80093,True,1.0
1636,3.272,0.9369096,9.802807,True,1.0
1637,3.274,0.9484733,9.810582,True,1.0
1638,3.276,0.96420264,9.797814,True,1.0
1639,3.278,0.9850837,9.768561,True,1.0
1640,3.28,1.0137731,9.743102,True,1.0
1641,3.282,1.0448467,9.732718,True,1.0
1642,3.284,1.0567857,9.756766,True,1.0
1643,3.286,1.0667448,9.7682905,True,1.0
1644,3.288,1.0946932,9.782367,True,1.0
1645,3.29,1.1347128,9.782911,True,1.0
1646,3.292,1.1703489,9.783515,True,1.0
1647,3.294,1.1857632,9.787863,True,1.0
1648,3.296,1.1928753,9.77226,True,1.0
1649,3.298,1.1815236,9.783414,True,1.0
1650,3.3,1.1506853,9.82589,True,1.0
1651,3.302,1.148089,9.837369,True,1.0
1652,3.304,1.1553197,9.810764,True,1.0
1653,3.306,1.1600338,9.802775,True,1.0
1654,3.308,1.1765177,9.756574,True,1.0
1655,3.31,1.2054424,9.729835,True,1.0
1656,3.312,1.216831,9.711663,True,1.0
1657,3.314,1.2267338,9.701935,True,1.0
1658,3.316,1.2237252,9.734067,True,1.0
1659,3.318,1.2293437,9.733828,True,1.0
1660,3.32,1.2366463,9.744071,True,1.0
1661,3.322,1.2309676,9.786529,True,1.0
1662,3.324,1.2328871,9.807797,True,1.0
1663,3.326,1.2243534,9.82472,True,1.0
1664,3.328,1.234021,9.819939,True,1.0
1665,3.33,1.2327431,9.797505,True,1.0
1666,3.332,1.2306175,9.782293,True,1.0
1667,3.334,1.211726,9.775679,True,1.0
1668,3.336,1.1858779,9.763948,True,1.0
1669,3.338,1.1568638,9.763511,True,1.0
1670,3.34,1.1463562,9.7549305,True,1.0
1671,3.342,1.1433282,9.747346,True,1.0
1672,3.344,1.1325366,9.744431,True,1.0
1673,3.346,1.1223304,9.747509,True,2.0
1674,3.348,1.0980227,9.766331,True,2.0
1675,3.35,0.5066434,9.164891,True,2.0
1676,3.352,0.30173206,7.4518404,True,2.0
1677,3.354,-1.1436987,5.9861226,True,2.0
1678,3.356,-1.0444412,6.065386,True,2.0
1679,3.358,-0.9367502,6.8807063,True,2.0
1680,3.36,-1.2145011,7.1413746,True,2.0
1681,3.362,-1.5716312,7.0657244,True,2.0
1682,3.364,-1.5590795,7.006374,True,2.0
1683,3.366,-1.4453442,6.9010816,True,2.0
1684,3.368,-1.3407084,6.7251863,True,1.0
1685,3.37,-1.3448606,6.5947833,True,1.0
1686,3.372,-1.3471165,6.57427,True,1.0
1687,3.374,-1.373053,6.579194,True,1.0
1688,3.376,-1.3719056,6.6012945,True,1.0
1689,3.378,-1.3479605,6.6357384,True,1.0
1690,3.38,-1.317305,6.6821604,True,1.0
1691,3.382,-1.2760961,6.700478,True,1.0
1692,3.384,-1.2382362,6.734354,True,1.0
1693,3.386,-1.2035599,6.7600017,True,1.0
1694,3.388,-1.1784353,6.787071,True,1.0
1695,3.39,-1.1625386,6.8212485,True,1.0
1696,3.392,-1.149427,6.827542,True,1.0
1697,3.394,-1.1583526,6.8340745,True,1.0
1698,3.396,-1.1585908,6.84845,True,1.0
1699,3.398,-1.1543658,6.86791,True,1.0
1700,3.4,-1.1680764,6.86867,True,1.0
1701,3.402,-1.1744747,6.8972487,True,1.0
1702,3.404,-1.176932,6.9182715,True,1.0
1703,3.406,-1.176192,6.9080925,True,1.0
1704,3.408,-1.181016,6.9129953,True,1.0
1705,3.41,-1.1833205,6.908577,True,1.0
1706,3.412,-1.1817083,6.905782,True,1.0
1707,3.414,-1.1856173,6.922334,True,1.0
1708,3.416,-1.1756543,6.9241,True,1.0
1709,3.418,-1.1956544,6.9219046,True,1.0
1710,3.42,-1.2005163,6.9267216,True,1.0
1711,3.422,-1.2163779,6.9216185,True,1.0
1712,3.424,-1.2227956,6.920761,True,1.0
1713,3.426,-1.2451314,6.9239893,True,1.0
1714,3.428,-1.2640424,6.930335,True,1.0
1715,3.43,-1.2865192,6.9294715,True,1.0
1716,3.432,-1.3213773,6.957375,True,1.0
1717,3.434,-1.4136949,6.9876323,True,1.0
1718,3.436,-1.4718477,6.997294,True,1.0
1719,3.438,-1.5452288,6.99997,True,1.0
1720,3.44,-1.6127603,6.9984393,True,1.0
1721,3.442,-1.6578363,6.9741063,True,1.0
1722,3.444,-1.7353503,6.9699893,True,1.0
1723,3.446,-1.7915698,6.9605494,True,1.0
1724,3.448,-1.8288939,6.93227,True,1.0
1725,3.45,-1.8579596,6.9213657,True,1.0
1726,3.452,-1.8722926,6.9165154,True,1.0
1727,3.454,-1.866576,6.910279,True,1.0
1728,3.456,-1.8710936,6.8956113,True,1.0
1729,3.458,-1.8635362,6.8992186,True,1.0
1730,3.46,-1.8528137,6.9205666,True,1.0
1731,3.462,-1.8363853,6.9391894,True,1.0
1732,3.464,-1.7890085,6.9287014,True,1.0
1733,3.466,-1.7256224,6.9238825,True,1.0
1734,3.468,-1.6975573,6.9275756,True,1.0
1735,3.47,-1.6553255,6.933707,True,1.0
1736,3.472,-1.6065915,6.9474998,True,1.0
1737,3.474,-1.5628593,6.9298916,True,1.0
1738,3.476,-1.4788264,6.913799,True,1.0
1739,3.478,-1.4419127,6.8975444,True,1.0
1740,3.48,-1.403794,6.889658,True,1.0
1741,3.482,-1.3813562,6.8749437,True,1.0
1742,3.484,-1.3552446,6.8771143,True,1.0
1743,3.486,-1.3229992,6.8566008,True,1.0
1744,3.488,-1.3029448,6.834491,True,1.0
1745,3.49,-1.3052669,6.830418,True,1.0
1746,3.492,-1.3148769,6.8328123,True,1.0
1747,3.494,-1.314629,6.8371296,True,1.0
1748,3.496,-1.3184524,6.8342047,True,1.0
1749,3.498,-1.3123944,6.8284364,True,1.0
1750,3.5,-1.3161099,6.8351345,True,1.0
1751,3.502,-1.3291807,6.8332987,True,1.0
1752,3.504,-1.3475881,6.819156,True,1.0
1753,3.506,-1.3807921,6.8065405,True,1.0
1754,3.508,-1.4148355,6.80091,True,1.0
1755,3.51,-1.455422,6.7969117,True,1.0
1756,3.512,-1.4933714,6.805517,True,1.0
1757,3.514,-1.5428582,6.7888722,True,1.0
1758,3.516,-1.5754516,6.779224,True,1.0
1759,3.518,-1.6071486,6.763051,True,1.0
1760,3.52,-1.6244922,6.760587,True,2.0
1761,3.522,-1.029797,6.851095,True,2.0
1762,3.524,0.1663834,7.638868,True,2.0
1763,3.526,2.8410733,8.854631,True,2.0
1764,3.528,4.891233,9.391739,True,2.0
1765,3.53,4.9175224,9.380604,True,2.0
1766,3.532,3.657331,8.963352,True,3.0
1767,3.534,3.2773001,8.753061,True,3.0
1768,3.536,3.2795095,8.64508,True,3.0
1769,3.538,3.2957113,8.685091,True,3.0
1770,3.54,3.3523045,8.730957,True,3.0
1771,3.542,3.6835115,8.810678,True,3.0
1772,3.544,3.9874003,8.877153,True,3.0
1773,3.546,4.106296,8.893357,True,1.0
1774,3.548,4.126961,8.892938,True,1.0
1775,3.55,4.1378345,8.867029,True,1.0
1776,3.552,4.130209,8.874644,True,1.0
1777,3.554,4.136489,8.893651,True,1.0
1778,3.556,4.1537485,8.916809,True,1.0
1779,3.558,4.149826,8.916788,True,1.0
1780,3.56,4.145277,8.907656,True,1.0
1781,3.562,4.112113,8.894899,True,1.0
1782,3.564,4.0914593,8.869804,True,1.0
1783,3.566,4.06284,8.854415,True,1.0
1784,3.568,4.026259,8.833847,True,1.0
1785,3.57,3.9699187,8.829,True,1.0
1786,3.572,3.929022,8.834096,True,1.0
1787,3.574,3.9030943,8.81282,True,1.0
1788,3.576,3.8711104,8.790922,True,1.0
1789,3.578,3.856048,8.772531,True,1.0
1790,3.58,3.8421566,8.77266,True,1.0
1791,3.582,3.83246,8.764831,True,1.0
1792,3.584,3.8002524,8.761357,True,1.0
1793,3.586,3.762096,8.727772,True,1.0
1794,3.588,3.7365746,8.69118,True,1.0
1795,3.59,3.7203786,8.662614,True,1.0
1796,3.592,3.706448,8.661289,True,1.0
1797,3.594,3.6928833,8.666346,True,1.0
1798,3.596,3.6598377,8.663494,True,1.0
1799,3.598,3.6442542,8.670449,True,1.0
1800,3.6,3.6405182,8.664834,True,1.0
1801,3.602,3.64722,8.670169,True,1.0
1802,3.604,3.6482177,8.646979,True,1.0
1803,3.606,3.6543183,8.62486,True,1.0
1804,3.608,3.657428,8.619006,True,1.0
1805,3.61,3.663313,8.622139,True,1.0
1806,3.612,3.6661503,8.629295,True,1.0
1807,3.614,3.6613312,8.61936,True,1.0
1808,3.616,3.6785057,8.616798,True,1.0
1809,3.618,3.675709,8.613937,True,1.0
1810,3.62,3.6690016,8.597404,True,1.0
1811,3.622,3.6822376,8.584173,True,1.0
1812,3.624,3.663103,8.568595,True,1.0
1813,3.626,3.6708841,8.563146,True,1.0
1814,3.628,3.6632507,8.583064,True,1.0
1815,3.63,3.6570566,8.596399,True,1.0
1816,3.632,3.6541784,8.604298,True,1.0
1817,3.634,3.6672084,8.612111,True,1.0
1818,3.636,3.6856527,8.61626,True,1.0
1819,3.638,3.6948943,8.604311,True,1.0
1820,3.64,3.7278814,8.593096,True,1.0
1821,3.642,3.7443285,8.597724,True,1.0
1822,3.644,3.7894416,8.578732,True,1.0
1823,3.646,3.8261628,8.593759,True,1.0
1824,3.648,3.8760424,8.601141,True,1.0
1825,3.65,3.9158752,8.604461,True,1.0
1826,3.652,3.952964,8.594717,True,1.0
1827,3.654,3.9844034,8.612563,True,1.0
1828,3.656,4.0088315,8.620159,True,1.0
1829,3.658,4.028007,8.637044,True,1.0
1830,3.66,4.0503683,8.645823,True,1.0
1831,3.662,4.079139,8.638794,True,1.0
1832,3.664,4.099779,8.639762,True,1.0
1833,3.666,4.117276,8.634848,True,1.0
1834,3.668,4.128986,8.644595,True,1.0
1835,3.67,4.127543,8.63288,True,1.0
1836,3.672,4.1134257,8.620313,True,1.0
1837,3.674,4.083968,8.597591,True,1.0
1838,3.676,4.0489254,8.583159,True,1.0
1839,3.678,4.0118537,8.592561,True,1.0
1840,3.68,3.987558,8.584954,True,1.0
1841,3.682,3.9390006,8.57905,True,1.0
1842,3.684,3.913596,8.548098,True,1.0
1843,3.686,3.8423784,8.532485,True,1.0
1844,3.688,3.7907484,8.531804,True,1.0
1845,3.69,3.7366369,8.52348,True,1.0
1846,3.692,3.688667,8.519157,True,1.0
1847,3.694,3.666765,8.530219,True,1.0
1848,3.696,3.6619828,8.513358,True,2.0
1849,3.698,3.6344779,8.653304,True,2.0
1850,3.7,3.1627743,9.57049,True,2.0
1851,3.702,2.0777934,10.000781,True,2.0
1852,3.704,1.9507099,9.708487,True,2.0
1853,3.706,1.6164631,9.573896,True,2.0
1854,3.708,0.58040684,9.479029,True,2.0
1855,3.71,-0.1886083,9.603047,True,2.0
1856,3.712,-1.1599356,9.632314,True,2.0
1857,3.714,-1.0408278,9.42785,True,2.0
1858,3.716,-0.41209617,9.185965,True,3.0
1859,3.718,-0.24119797,9.216441,True,3.0
1860,3.72,-0.3213218,9.373362,True,3.0
1861,3.722,-0.4599328,9.47962,True,3.0
1862,3.724,-0.5333967,9.473501,True,1.0
1863,3.726,-0.54809827,9.473478,True,1.0
1864,3.728,-0.5460397,9.435905,True,1.0
1865,3.73,-0.51871073,9.422986,True,1.0
1866,3.732,-0.4950584,9.408937,True,1.0
1867,3.734,-0.4973785,9.421251,True,1.0
1868,3.736,-0.48513612,9.441226,True,1.0
1869,3.738,-0.4751215,9.449011,True,1.0
1870,3.74,-0.45861715,9.4565525,True,1.0
1871,3.742,-0.44193292,9.455729,True,1.0
1872,3.744,-0.43940958,9.454466,True,1.0
1873,3.746,-0.43361998,9.45581,True,1.0
1874,3.748,-0.4355706,9.473144,True,1.0
1875,3.75,-0.44215268,9.486897,True,1.0
1876,3.752,-0.45441452,9.493756,True,1.0
1877,3.754,-0.45359185,9.505923,True,1.0
1878,3.756,-0.435204,9.50201,True,1.0
1879,3.758,-0.4293376,9.51069,True,1.0
1880,3.76,-0.42945233,9.501676,True,1.0
1881,3.762,-0.43042082,9.506524,True,1.0
1882,3.764,-0.42256394,9.51706,True,1.0
1883,3.766,-0.41488108,9.530601,True,1.0
1884,3.768,-0.4165604,9.532516,True,1.0
1885,3.77,-0.42154098,9.539589,True,2.0
1886,3.772,-0.7718769,9.49695,True,2.0
1887,3.774,-1.3742062,9.060668,True,2.0
1888,3.776,-3.7872205,8.415287,True,2.0
1889,3.778,-4.897328,8.126058,True,2.0
1890,3.78,-5.2918687,8.135457,True,2.0
1891,3.782,-5.501857,8.147294,True,2.0
1892,3.784,-6.203574,8.071656,True,2.0
1893,3.786,-6.263098,8.071127,True,2.0
1894,3.788,-6.1395764,8.122629,True,1.0
1895,3.79,-6.02391,8.16197,True,1.0
1896,3.792,-6.039956,8.145478,True,1.0
1897,3.794,-6.1724625,8.094889,True,1.0
1898,3.796,-6.298345,8.072519,True,1.0
1899,3.798,-6.3444157,8.069663,True,1.0
1900,3.8,-6.35292,8.072414,True,1.0
1901,3.802,-6.349797,8.078574,True,1.0
1902,3.804,-6.3370967,8.089729,True,1.0
1903,3.806,-6.308627,8.126357,True,1.0
1904,3.808,-6.2917047,8.149981,True,1.0
1905,3.81,-6.284331,8.16652,True,1.0
1906,3.812,-6.2717423,8.178749,True,1.0
1907,3.814,-6.2708945,8.186251,True,1.0
1908,3.816,-6.2652516,8.198664,True,1.0
1909,3.818,-6.251005,8.215535,True,1.0
1910,3.82,-6.2308807,8.235669,True,1.0
1911,3.822,-6.202631,8.265618,True,1.0
1912,3.824,-6.1954865,8.286871,True,1.0
1913,3.826,-6.198284,8.295691,True,1.0
1914,3.828,-6.186916,8.298178,True,1.0
1915,3.83,-6.2012987,8.292141,True,1.0
1916,3.832,-6.200218,8.317063,True,1.0
1917,3.834,-6.1846786,8.349036,True,1.0
1918,3.836,-6.193323,8.373774,True,1.0
1919,3.838,-6.18741,8.38108,True,1.0
1920,3.84,-6.1779275,8.378056,True,1.0
1921,3.842,-6.1723633,8.388425,True,1.0
1922,3.844,-6.1743937,8.395329,True,1.0
1923,3.846,-6.1832356,8.407358,True,1.0
1924,3.848,-6.1943617,8.424217,True,1.0
1925,3.85,-6.218441,8.436111,True,1.0
1926,3.852,-6.235954,8.431893,True,1.0
1927,3.854,-6.238298,8.439289,True,1.0
1928,3.856,-6.2486444,8.466665,True,2.0
1929,3.858,-6.309443,8.437781,True,2.0
1930,3.86,-6.7862854,8.289296,True,2.0
1931,3.862,-7.2207913,7.458013,True,2.0
1932,3.864,-7.2770996,7.1928253,True,2.0
1933,3.866,-7.0741377,7.2884364,True,2.0
1934,3.868,-6.9156404,7.4319806,True,3.0
1935,3.87,-6.837438,7.516306,True,3.0
1936,3.872,-6.8164945,7.5417395,True,1.0
1937,3.874,-6.809342,7.561141,True,1.0
1938,3.876,-6.8163896,7.559064,True,1.0
1939,3.878,-6.8611283,7.55807,True,1.0
1940,3.88,-6.9180684,7.5528736,True,1.0
1941,3.882,-6.9761386,7.5354657,True,1.0
1942,3.884,-7.0097675,7.534777,True,1.0
1943,3.886,-7.037144,7.5328465,True,1.0
1944,3.888,-7.0664716,7.538311,True,1.0
1945,3.89,-7.0962567,7.5681033,True,1.0
1946,3.892,-7.1030116,7.5763373,True,1.0
1947,3.894,-7.1241407,7.5834746,True,1.0
1948,3.896,-7.141496,7.579647,True,1.0
1949,3.898,-7.1612005,7.5832744,True,1.0
1950,3.9,-7.1798663,7.5908685,True,1.0
1951,3.902,-7.1905723,7.605606,True,1.0
1952,3.904,-7.215721,7.6169014,True,1.0
1953,3.906,-7.2250834,7.6139064,True,1.0
1954,3.908,-7.240384,7.614167,True,1.0
1955,3.91,-7.2431784,7.6094527,True,1.0
1956,3.912,-7.242391,7.6232257,True,1.0
1957,3.914,-7.2472725,7.635083,True,1.0
1958,3.916,-7.250921,7.638317,True,1.0
1959,3.918,-7.266129,7.649527,True,1.0
1960,3.92,-7.2592025,7.645863,True,1.0
1961,3.922,-7.2485094,7.6426816,True,1.0
1962,3.924,-7.2209244,7.6328526,True,1.0
1963,3.926,-7.211019,7.622271,True,1.0
1964,3.928,-7.202913,7.617401,True,1.0
1965,3.93,-7.197528,7.6270432,True,1.0
1966,3.932,-7.1810956,7.6411934,True,1.0
1967,3.934,-7.151173,7.653512,True,1.0
1968,3.936,-7.109652,7.6671,True,1.0
1969,3.938,-7.082785,7.665558,True,1.0
1970,3.94,-7.0703425,7.6455307,True,1.0
1971,3.942,-7.078904,7.624107,True,1.0
1972,3.944,-7.0907984,7.6169715,True,1.0
1973,3.946,-7.116503,7.599293,True,1.0
1974,3.948,-7.1515203,7.585546,True,1.0
1975,3.95,-7.205159,7.572286,True,1.0
1976,3.952,-7.284581,7.5498104,True,1.0
1977,3.954,-7.350761,7.5259833,True,1.0
1978,3.956,-7.412228,7.5392447,True,1.0
1979,3.958,-7.4460073,7.557148,True,1.0
1980,3.96,-7.5154967,7.580705,True,2.0
1981,3.962,-7.3634806,7.5797405,True,2.0
1982,3.964,-4.8900733,7.266295,True,2.0
1983,3.966,-2.9660573,7.1120415,True,2.0
1984,3.968,-1.3166778,7.164498,True,2.0
1985,3.97,-1.9181913,7.2035313,True,3.0
1986,3.972,-2.2388208,7.411936,True,3.0
1987,3.974,-2.387183,7.5258336,True,3.0
1988,3.976,-2.4210308,7.5206523,True,3.0
1989,3.978,-2.3791246,7.4216595,True,3.0
1990,3.98,-2.2150323,7.36445,True,1.0
1991,3.982,-2.0260224,7.379053,True,1.0
1992,3.984,-1.8891927,7.3779116,True,1.0
1993,3.986,-1.8652029,7.368425,True,1.0
1994,3.988,-1.8508738,7.3390474,True,1.0
1995,3.99,-1.872069,7.335613,True,1.0
